txn_id,date,merchant_id,amount,currency,status
T000001,2026-03-01,M007,167.62,SEK,settled
T000002,2026-03-01,M011,1309.40,EUR,settled
T000003,2026-03-01,M013,183.68,USD,settled
T000004,2026-03-01,M031,56.12,EUR,settled
T000005,2026-03-01,M030,58.48,EUR,settled
T000006,2026-03-01,M033,178.96,USD,settled
T000007,2026-03-01,M038,309.90,EUR,settled
T000008,2026-03-01,M039,1730.91,NOK,settled
T000009,2026-03-01,M028,41.69,EUR,settled
T000010,2026-03-01,M007,107.00,SEK,settled
T000011,2026-03-01,M019,154.13,NOK,settled
T000012,2026-03-01,M037,478.08,SEK,pending
T000013,2026-03-01,M018,10.94,EUR,settled
T000014,2026-03-01,M002,1279.47,EUR,settled
T000015,2026-03-01,M014,63.77,EUR,settled
T000016,2026-03-01,M034,33.60,EUR,settled
T000017,2026-03-01,M035,1072.45,GBP,settled
T000018,2026-03-01,M006,851.69,EUR,failed
T000019,2026-03-01,M021,342.29,EUR,settled
T000020,2026-03-01,M013,608.21,USD,settled
T000021,2026-03-01,M024,110.33,EUR,settled
T000022,2026-03-01,M031,25.20,EUR,failed
T000023,2026-03-01,M018,70.25,EUR,settled
T000024,2026-03-01,M004,67.14,EUR,settled
T000025,2026-03-01,M017,121.53,SEK,settled
T000026,2026-03-01,M035,75.46,GBP,failed
T000027,2026-03-01,M037,25.00,SEK,settled
T000028,2026-03-01,M015,1087.83,GBP,settled
T000029,2026-03-01,M028,-70.36,EUR,settled
T000030,2026-03-01,M007,38.90,SEK,settled
T000031,2026-03-01,M030,132.36,EUR,settled
T000032,2026-03-01,M022,216.69,EUR,settled
T000033,2026-03-01,M025,172.23,GBP,settled
T000034,2026-03-01,M029,519.04,NOK,settled
T000035,2026-03-01,M017,-100.45,SEK,failed
T000036,2026-03-01,M018,20.41,EUR,pending
T000037,2026-03-01,M030,81.21,EUR,settled
T000038,2026-03-01,M040,45.72,EUR,pending
T000039,2026-03-01,M023,24.99,USD,settled
T000040,2026-03-01,M039,87.66,NOK,settled
T000041,2026-03-01,M015,245.84,GBP,settled
T000042,2026-03-01,M010,5.38,EUR,settled
T000043,2026-03-01,M006,306.90,EUR,pending
T000044,2026-03-01,M026,23.82,EUR,settled
T000045,2026-03-01,M018,186.83,EUR,pending
T000046,2026-03-01,M009,34.53,NOK,settled
T000047,2026-03-01,M023,59.81,USD,settled
T000048,2026-03-01,M005,326.52,GBP,settled
T000049,2026-03-01,M013,105.71,USD,settled
T000050,2026-03-01,M038,1452.84,EUR,settled
T000051,2026-03-01,M039,1196.44,NOK,settled
T000052,2026-03-01,M007,1370.30,SEK,pending
T000052,2026-03-01,M007,1370.30,SEK,pending
T000053,2026-03-01,M028,141.27,EUR,settled
T000054,2026-03-01,M033,165.28,USD,pending
T000055,2026-03-01,M019,12.19,NOK,settled
T000056,2026-03-01,M006,11.17,EUR,settled
T000057,2026-03-01,M035,40.49,GBP,settled
T000058,2026-03-01,M029,642.41,NOK,settled
T000059,2026-03-01,M005,35.41,GBP,settled
T000060,2026-03-01,M039,17.15,NOK,settled
T000061,2026-03-01,M012,74.88,EUR,settled
T000062,2026-03-01,M014,235.97,EUR,settled
T000063,2026-03-01,M017,75.33,SEK,settled
T000064,2026-03-01,M029,602.16,NOK,settled
T000065,2026-03-01,M034,426.02,EUR,settled
T000066,2026-03-01,M025,98.04,GBP,settled
T000067,2026-03-01,M037,780.40,SEK,settled
T000068,2026-03-01,M040,9.28,EUR,failed
T000069,2026-03-01,M014,2.71,EUR,settled
T000070,2026-03-01,M011,175.08,EUR,settled
T000071,2026-03-01,M034,26.64,EUR,settled
T000072,2026-03-01,M006,155.88,EUR,settled
T000073,2026-03-01,M034,59.08,EUR,settled
T000074,2026-03-01,M007,59.16,SEK,settled
T000075,2026-03-01,M032,524.54,EUR,settled
T000076,2026-03-01,M010,281.65,EUR,settled
T000077,2026-03-01,M011,121.34,EUR,settled
T000078,2026-03-02,M031,44.23,EUR,settled
T000079,2026-03-02,M012,28.95,EUR,settled
T000080,2026-03-02,M032,36.14,EUR,settled
T000081,2026-03-02,M012,143.08,EUR,settled
T000082,2026-03-02,M006,151.84,EUR,settled
T000083,2026-03-02,M017,362.81,SEK,settled
T000084,2026-03-02,M037,55.71,SEK,failed
T000085,2026-03-02,M004,104.01,EUR,settled
T000086,2026-03-02,M016,67.62,EUR,settled
T000087,2026-03-02,M021,15.36,EUR,settled
T000088,2026-03-02,M036,27.62,EUR,settled
T000089,2026-03-02,M009,150.13,NOK,settled
T000090,2026-03-02,M024,166.22,EUR,settled
T000091,2026-03-02,M013,303.24,USD,settled
T000092,2026-03-02,M038,159.43,EUR,settled
T000093,2026-03-02,M002,28.98,EUR,settled
T000094,2026-03-02,M012,165.68,EUR,settled
T000095,2026-03-02,M004,918.20,EUR,settled
T000096,2026-03-02,M015,651.51,GBP,settled
T000097,2026-03-02,M010,60.27,EUR,settled
T000098,2026-03-02,M024,160.31,EUR,settled
T000099,2026-03-02,M012,82.33,EUR,settled
T000100,2026-03-02,M014,110.13,EUR,settled
T000101,2026-03-02,M017,1151.21,SEK,settled
T000102,2026-03-02,M029,189.31,NOK,settled
T000103,2026-03-02,M039,515.80,NOK,settled
T000104,2026-03-02,M001,408.04,EUR,settled
T000105,2026-03-02,M033,42.72,USD,settled
T000106,2026-03-02,M002,33.48,EUR,settled
T000107,2026-03-02,M020,981.87,EUR,settled
T000108,2026-03-02,M012,21.89,EUR,settled
T000109,2026-03-02,M037,355.72,SEK,settled
T000110,2026-03-02,M014,69.62,EUR,settled
T000111,2026-03-02,M033,13.93,USD,settled
T000112,2026-03-02,M006,96.83,EUR,settled
T000113,2026-03-02,M004,158.93,EUR,settled
T000114,2026-03-02,M006,9.66,EUR,settled
T000115,2026-03-02,M017,45.63,SEK,settled
T000116,2026-03-02,M010,52.44,EUR,settled
T000117,2026-03-02,M009,128.92,NOK,settled
T000118,2026-03-02,M018,54.47,EUR,settled
T000119,2026-03-02,M028,137.69,EUR,pending
T000120,2026-03-02,M039,47.32,NOK,settled
T000121,2026-03-02,M003,562.10,USD,pending
T000122,2026-03-02,M023,39.86,USD,settled
T000123,2026-03-02,M006,3.48,EUR,settled
T000124,2026-03-02,M034,10.44,EUR,failed
T000125,2026-03-02,M022,50.14,EUR,settled
T000126,2026-03-02,M027,811.30,SEK,settled
T000127,2026-03-02,M011,342.97,EUR,settled
T000128,2026-03-02,M008,14.46,EUR,settled
T000129,2026-03-02,M008,154.07,EUR,pending
T000130,2026-03-02,M017,75.86,SEK,settled
T000131,2026-03-02,M024,143.63,EUR,failed
T000132,2026-03-02,M023,140.96,USD,settled
T000133,2026-03-02,M007,441.14,SEK,settled
T000134,2026-03-02,M020,108.84,EUR,settled
T000135,2026-03-02,M019,201.61,NOK,settled
T000136,2026-03-02,M003,8233.24,USD,settled
T000137,2026-03-02,M022,194.04,EUR,settled
T000138,2026-03-02,M016,17.13,EUR,settled
T000139,2026-03-02,M002,69.08,EUR,settled
T000140,2026-03-02,M034,1126.46,EUR,settled
T000141,2026-03-02,M031,155.63,EUR,failed
T000142,2026-03-02,M020,257.31,EUR,settled
T000143,2026-03-02,M009,160.24,NOK,settled
T000144,2026-03-02,M032,157.00,EUR,settled
T000145,2026-03-02,M012,996.92,EUR,settled
T000146,2026-03-02,M019,97.55,NOK,settled
T000147,2026-03-02,M030,125.14,EUR,settled
T000148,2026-03-02,M019,743.32,NOK,settled
T000149,2026-03-02,M034,299.06,EUR,settled
T000150,2026-03-02,M019,24.08,NOK,settled
T000151,2026-03-02,M032,424.91,EUR,settled
T000152,2026-03-02,M028,146.14,EUR,settled
T000153,2026-03-02,M029,244.98,NOK,settled
T000154,2026-03-02,M009,23.40,NOK,settled
T000155,2026-03-02,M035,37.51,GBP,settled
T000156,2026-03-02,M040,123.16,EUR,settled
T000157,2026-03-02,M022,412.14,EUR,failed
T000158,2026-03-02,M036,506.18,EUR,settled
T000158,2026-03-02,M036,506.18,EUR,settled
T000159,2026-03-02,M031,44.23,EUR,settled
T000160,2026-03-02,M017,1410.10,SEK,settled
T000161,2026-03-02,M028,1230.46,EUR,pending
T000162,2026-03-02,M011,22.29,EUR,settled
T000163,2026-03-02,M009,77.93,NOK,settled
T000164,2026-03-02,M036,75.30,EUR,failed
T000165,2026-03-02,M017,-12.27,SEK,settled
T000166,2026-03-02,M033,90.00,USD,pending
T000167,2026-03-02,M033,113.15,USD,settled
T000168,2026-03-02,M009,246.06,NOK,settled
T000169,2026-03-02,M040,1554.38,EUR,settled
T000170,2026-03-02,M021,17.40,EUR,settled
T000171,2026-03-02,M037,87.66,SEK,pending
T000172,2026-03-02,M034,458.37,EUR,settled
T000173,2026-03-02,M018,113.37,EUR,settled
T000174,2026-03-02,M034,909.66,EUR,settled
T000175,2026-03-02,M009,36.99,NOK,settled
T000176,2026-03-02,M010,-333.34,EUR,settled
T000177,2026-03-02,M025,311.45,GBP,settled
T000178,2026-03-02,M014,61.44,EUR,pending
T000179,2026-03-02,M037,37.55,SEK,settled
T000180,2026-03-02,M021,269.78,EUR,settled
T000180,2026-03-02,M021,269.78,EUR,settled
T000181,2026-03-02,M009,263.58,NOK,settled
T000182,2026-03-02,M017,181.06,SEK,settled
T000183,2026-03-02,M038,966.41,EUR,settled
T000184,2026-03-02,M015,1298.33,GBP,settled
T000185,2026-03-02,M020,1081.92,EUR,settled
T000186,2026-03-02,M030,394.70,EUR,settled
T000187,2026-03-02,M006,35.09,EUR,settled
T000188,2026-03-02,M020,33.19,EUR,settled
T000189,2026-03-02,M025,421.96,GBP,settled
T000190,2026-03-02,M027,457.86,SEK,settled
T000191,2026-03-02,M015,434.45,GBP,settled
T000192,2026-03-02,M036,119.65,EUR,settled
T000193,2026-03-02,M020,3.37,EUR,settled
T000194,2026-03-02,M026,98.06,EUR,settled
T000195,2026-03-02,M027,2012.73,SEK,settled
T000196,2026-03-02,M024,58.64,EUR,settled
T000196,2026-03-02,M024,58.64,EUR,settled
T000197,2026-03-02,M025,579.80,GBP,settled
T000198,2026-03-02,M024,-70.97,EUR,settled
T000199,2026-03-02,M011,17.57,EUR,settled
T000200,2026-03-02,M040,321.10,EUR,settled
T000201,2026-03-02,M019,76.83,NOK,settled
T000202,2026-03-02,M008,21.62,EUR,settled
T000203,2026-03-02,M001,357.97,EUR,settled
T000204,2026-03-02,M022,771.51,EUR,settled
T000205,2026-03-02,M021,122.72,EUR,settled
T000206,2026-03-02,M035,296.00,GBP,settled
T000207,2026-03-02,M024,28.34,EUR,settled
T000208,2026-03-02,M023,136.82,USD,settled
T000209,2026-03-02,M009,459.85,NOK,failed
T000210,2026-03-02,M006,87.78,EUR,settled
T000211,2026-03-02,M012,20.21,EUR,settled
T000212,2026-03-02,M025,360.34,GBP,settled
T000213,2026-03-02,M038,1479.54,EUR,settled
T000214,2026-03-02,M038,255.09,EUR,settled
T000215,2026-03-02,M022,29.92,EUR,settled
T000216,2026-03-02,M017,837.29,SEK,settled
T000216,2026-03-02,M017,837.29,SEK,settled
T000217,2026-03-02,M026,-21.18,EUR,settled
T000218,2026-03-02,M011,66.71,EUR,settled
T000219,2026-03-02,M013,42.78,USD,settled
T000220,2026-03-02,M026,56.80,EUR,settled
T000221,2026-03-02,M002,-239.25,EUR,settled
T000222,2026-03-02,M027,32.05,SEK,settled
T000223,2026-03-02,M023,33.99,USD,settled
T000224,2026-03-02,M004,1864.64,EUR,settled
T000225,2026-03-02,M002,120.51,EUR,settled
T000226,2026-03-02,M007,407.68,SEK,settled
T000227,2026-03-02,M022,112.78,EUR,settled
T000228,2026-03-02,M036,105.39,EUR,settled
T000229,2026-03-02,M006,66.02,EUR,settled
T000230,2026-03-02,M022,79.91,EUR,settled
T000231,2026-03-02,M033,62.49,USD,settled
T000231,2026-03-02,M033,62.49,USD,settled
T000232,2026-03-02,M022,767.61,EUR,settled
T000233,2026-03-02,M003,236.01,USD,settled
T000234,2026-03-02,M002,79.32,EUR,settled
T000235,2026-03-02,M023,168.21,USD,settled
T000236,2026-03-02,M026,646.84,EUR,settled
T000237,2026-03-02,M030,118.48,EUR,settled
T000238,2026-03-02,M012,198.28,EUR,settled
T000239,2026-03-02,M019,11.75,NOK,settled
T000240,2026-03-02,M014,82.57,EUR,settled
T000241,2026-03-02,M024,562.96,EUR,settled
T000242,2026-03-02,M010,386.48,EUR,settled
T000243,2026-03-02,M010,46.88,EUR,settled
T000244,2026-03-02,M007,361.69,SEK,settled
T000245,2026-03-02,M001,5.43,EUR,settled
T000246,2026-03-02,M011,13.53,EUR,settled
T000247,2026-03-02,M017,99.23,SEK,settled
T000248,2026-03-02,M012,141.37,EUR,settled
T000249,2026-03-02,M021,5940.39,EUR,pending
T000250,2026-03-02,M006,589.39,EUR,settled
T000251,2026-03-02,M003,898.04,USD,settled
T000252,2026-03-02,M034,276.29,EUR,settled
T000253,2026-03-02,M011,419.30,EUR,settled
T000254,2026-03-02,M033,11.62,USD,settled
T000255,2026-03-02,M013,-244.55,USD,settled
T000256,2026-03-02,M034,-300.03,EUR,settled
T000257,2026-03-02,M005,818.54,GBP,pending
T000258,2026-03-02,M030,126.57,EUR,settled
T000259,2026-03-02,M023,55.93,USD,pending
T000260,2026-03-02,M004,663.64,EUR,settled
T000261,2026-03-02,M011,1565.33,EUR,settled
T000262,2026-03-02,M031,864.45,EUR,settled
T000263,2026-03-02,M013,85.83,USD,settled
T000264,2026-03-02,M025,453.87,GBP,pending
T000265,2026-03-02,M007,508.93,SEK,settled
T000266,2026-03-02,M017,183.65,SEK,settled
T000267,2026-03-02,M036,71.30,EUR,settled
T000268,2026-03-02,M039,58.65,NOK,settled
T000269,2026-03-02,M006,108.61,EUR,settled
T000270,2026-03-02,M005,1532.24,GBP,settled
T000271,2026-03-02,M019,178.69,NOK,settled
T000272,2026-03-02,M002,343.60,EUR,settled
T000273,2026-03-02,M005,314.39,GBP,pending
T000274,2026-03-02,M028,64.45,EUR,settled
T000275,2026-03-02,M037,81.23,SEK,settled
T000276,2026-03-02,M038,293.68,EUR,pending
T000277,2026-03-02,M038,30.16,EUR,settled
T000278,2026-03-02,M022,537.70,EUR,settled
T000279,2026-03-02,M035,383.53,GBP,settled
T000280,2026-03-02,M007,5.46,SEK,settled
T000281,2026-03-02,M024,38.88,EUR,settled
T000282,2026-03-02,M006,708.83,EUR,settled
T000283,2026-03-02,M027,31.36,SEK,settled
T000284,2026-03-02,M015,25.60,GBP,settled
T000285,2026-03-02,M019,56.88,NOK,settled
T000286,2026-03-02,M034,135.19,EUR,settled
T000287,2026-03-02,M031,83.20,EUR,settled
T000288,2026-03-03,M013,26.42,USD,settled
T000289,2026-03-03,M027,279.13,SEK,settled
T000290,2026-03-03,M001,68.62,EUR,settled
T000291,2026-03-03,M021,2.05,EUR,settled
T000292,2026-03-03,M009,159.35,NOK,settled
T000293,2026-03-03,M006,148.72,EUR,settled
T000294,2026-03-03,M017,191.89,SEK,settled
T000295,2026-03-03,M025,46.02,GBP,settled
T000296,2026-03-03,M017,36.47,SEK,settled
T000297,2026-03-03,M003,580.85,USD,settled
T000298,2026-03-03,M009,23.57,NOK,settled
T000299,2026-03-03,M025,14.17,GBP,settled
T000300,2026-03-03,M031,638.92,EUR,settled
T000301,2026-03-03,M009,297.57,NOK,pending
T000302,2026-03-03,M008,30.09,EUR,settled
T000303,2026-03-03,M027,40.02,SEK,settled
T000304,2026-03-03,M020,305.42,EUR,settled
T000305,2026-03-03,M020,486.45,EUR,settled
T000306,2026-03-03,M001,-207.09,EUR,settled
T000307,2026-03-03,M040,209.41,EUR,settled
T000308,2026-03-03,M001,23.36,EUR,settled
T000309,2026-03-03,M002,464.38,EUR,settled
T000310,2026-03-03,M031,124.77,EUR,settled
T000311,2026-03-03,M035,1.54,GBP,settled
T000312,2026-03-03,M007,162.44,SEK,pending
T000313,2026-03-03,M030,62.86,EUR,settled
T000314,2026-03-03,M016,1409.17,EUR,settled
T000315,2026-03-03,M012,244.01,EUR,settled
T000316,2026-03-03,M028,4255.44,EUR,settled
T000317,2026-03-03,M039,414.93,NOK,settled
T000318,2026-03-03,M009,19.77,NOK,pending
T000319,2026-03-03,M037,458.67,SEK,settled
T000320,2026-03-03,M004,293.14,EUR,settled
T000321,2026-03-03,M007,54.69,SEK,settled
T000322,2026-03-03,M026,285.45,EUR,settled
T000323,2026-03-03,M021,481.43,EUR,pending
T000324,2026-03-03,M038,231.89,EUR,settled
T000325,2026-03-03,M031,170.81,EUR,settled
T000326,2026-03-03,M003,17.99,USD,settled
T000327,2026-03-03,M018,38.59,EUR,settled
T000328,2026-03-03,M018,7.17,EUR,settled
T000329,2026-03-03,M037,450.04,SEK,failed
T000330,2026-03-03,M032,562.51,EUR,settled
T000331,2026-03-03,M026,747.33,EUR,settled
T000332,2026-03-03,M006,284.60,EUR,settled
T000333,2026-03-03,M005,284.14,GBP,failed
T000334,2026-03-03,M037,75.36,SEK,settled
T000335,2026-03-03,M034,160.51,EUR,failed
T000336,2026-03-03,M028,426.70,EUR,settled
T000337,2026-03-03,M008,32.35,EUR,failed
T000338,2026-03-03,M018,40.18,EUR,settled
T000339,2026-03-03,M033,685.79,USD,settled
T000340,2026-03-03,M033,112.09,USD,settled
T000341,2026-03-03,M025,61.44,GBP,settled
T000342,2026-03-03,M001,718.90,EUR,settled
T000343,2026-03-03,M008,14.97,EUR,settled
T000344,2026-03-03,M001,104.58,EUR,settled
T000345,2026-03-03,M016,404.38,EUR,settled
T000346,2026-03-03,M017,28.70,SEK,settled
T000347,2026-03-03,M037,3.71,SEK,settled
T000348,2026-03-03,M016,7.80,EUR,settled
T000349,2026-03-03,M036,65.30,EUR,settled
T000350,2026-03-03,M017,37.15,SEK,pending
T000351,2026-03-03,M010,160.31,EUR,settled
T000352,2026-03-03,M020,90.69,EUR,settled
T000353,2026-03-03,M012,278.93,EUR,settled
T000354,2026-03-03,M021,1065.25,EUR,settled
T000355,2026-03-03,M013,29.16,USD,settled
T000356,2026-03-03,M008,501.72,EUR,settled
T000357,2026-03-03,M023,83.65,USD,settled
T000358,2026-03-03,M036,118.61,EUR,settled
T000359,2026-03-03,M005,604.56,GBP,settled
T000360,2026-03-03,M040,218.82,EUR,settled
T000361,2026-03-03,M027,31.34,SEK,settled
T000362,2026-03-03,M034,198.22,EUR,settled
T000363,2026-03-03,M013,78.82,USD,pending
T000364,2026-03-03,M021,52.77,EUR,settled
T000365,2026-03-03,M022,251.66,EUR,settled
T000366,2026-03-03,M026,498.44,EUR,settled
T000367,2026-03-03,M012,1635.07,EUR,pending
T000368,2026-03-03,M007,31.03,SEK,settled
T000369,2026-03-03,M020,49.38,EUR,failed
T000370,2026-03-03,M029,83.83,NOK,settled
T000371,2026-03-03,M027,41.01,SEK,settled
T000372,2026-03-03,M037,385.41,SEK,settled
T000373,2026-03-03,M034,24.06,EUR,settled
T000374,2026-03-03,M025,60.40,GBP,settled
T000375,2026-03-03,M033,898.59,USD,settled
T000376,2026-03-03,M036,27.58,EUR,settled
T000377,2026-03-03,M033,2260.39,USD,pending
T000378,2026-03-03,M003,51.86,USD,settled
T000379,2026-03-03,M005,44.55,GBP,settled
T000380,2026-03-03,M031,103.02,EUR,settled
T000381,2026-03-03,M011,45.38,EUR,settled
T000382,2026-03-03,M026,3543.40,EUR,settled
T000383,2026-03-03,M003,34.69,USD,settled
T000384,2026-03-03,M026,118.51,EUR,settled
T000385,2026-03-03,M018,25.81,EUR,failed
T000386,2026-03-03,M023,86.45,USD,settled
T000387,2026-03-03,M019,19.51,NOK,settled
T000388,2026-03-03,M037,3131.61,SEK,settled
T000389,2026-03-03,M005,256.03,GBP,settled
T000390,2026-03-03,M011,56.90,EUR,settled
T000391,2026-03-03,M003,16.42,USD,settled
T000392,2026-03-03,M028,302.52,EUR,settled
T000393,2026-03-03,M013,99.18,USD,settled
T000394,2026-03-03,M013,1819.67,USD,settled
T000395,2026-03-03,M021,83.16,EUR,settled
T000396,2026-03-03,M017,342.82,SEK,failed
T000397,2026-03-03,M019,319.64,NOK,settled
T000398,2026-03-03,M003,2.72,USD,settled
T000399,2026-03-03,M003,173.08,USD,settled
T000400,2026-03-03,M018,201.06,EUR,settled
T000401,2026-03-03,M012,17.81,EUR,settled
T000402,2026-03-03,M039,1114.12,NOK,failed
T000403,2026-03-03,M019,545.41,NOK,settled
T000404,2026-03-03,M013,119.49,USD,settled
T000405,2026-03-03,M027,72.88,SEK,settled
T000406,2026-03-03,M017,488.17,SEK,settled
T000407,2026-03-03,M020,141.71,EUR,settled
T000408,2026-03-03,M026,42.76,EUR,settled
T000409,2026-03-03,M040,42.35,EUR,settled
T000410,2026-03-03,M025,68.02,GBP,settled
T000411,2026-03-03,M018,17.57,EUR,settled
T000412,2026-03-03,M022,41.06,EUR,settled
T000413,2026-03-03,M018,15.27,EUR,settled
T000414,2026-03-03,M022,108.91,EUR,settled
T000415,2026-03-03,M029,32.88,NOK,settled
T000416,2026-03-03,M022,392.91,EUR,settled
T000417,2026-03-03,M021,23.28,EUR,settled
T000418,2026-03-03,M034,3.95,EUR,settled
T000419,2026-03-03,M022,34.16,EUR,settled
T000420,2026-03-03,M027,29.90,SEK,settled
T000421,2026-03-03,M029,186.48,NOK,settled
T000422,2026-03-03,M030,64.26,EUR,settled
T000423,2026-03-03,M040,17.52,EUR,settled
T000424,2026-03-03,M026,4.76,EUR,settled
T000425,2026-03-03,M011,32.37,EUR,settled
T000426,2026-03-03,M005,4439.59,GBP,settled
T000427,2026-03-03,M012,303.84,EUR,settled
T000428,2026-03-03,M040,232.89,EUR,settled
T000429,2026-03-03,M024,100.70,EUR,settled
T000430,2026-03-03,M039,10.39,NOK,settled
T000431,2026-03-03,M002,816.66,EUR,settled
T000432,2026-03-03,M007,-541.23,SEK,settled
T000433,2026-03-03,M011,380.39,EUR,settled
T000434,2026-03-03,M020,491.55,EUR,pending
T000435,2026-03-03,M040,3.13,EUR,settled
T000436,2026-03-03,M017,2425.35,SEK,settled
T000437,2026-03-03,M038,63.11,EUR,settled
T000438,2026-03-03,M039,-20.36,NOK,settled
T000439,2026-03-03,M031,39.21,EUR,settled
T000440,2026-03-03,M038,220.65,EUR,settled
T000441,2026-03-03,M011,77.55,EUR,settled
T000442,2026-03-03,M033,135.94,USD,settled
T000443,2026-03-03,M031,1052.44,EUR,settled
T000444,2026-03-03,M017,174.02,SEK,settled
T000445,2026-03-03,M030,24.98,EUR,settled
T000446,2026-03-03,M023,1086.71,USD,settled
T000447,2026-03-03,M036,506.73,EUR,settled
T000448,2026-03-03,M013,206.68,USD,settled
T000449,2026-03-03,M031,52.46,EUR,settled
T000450,2026-03-03,M005,85.79,GBP,settled
T000451,2026-03-03,M001,188.55,EUR,settled
T000452,2026-03-03,M026,159.77,EUR,settled
T000453,2026-03-03,M028,266.19,EUR,settled
T000454,2026-03-03,M013,449.14,USD,settled
T000455,2026-03-03,M017,169.79,SEK,failed
T000456,2026-03-03,M038,171.76,EUR,settled
T000457,2026-03-03,M005,142.68,GBP,settled
T000458,2026-03-03,M027,7.79,SEK,settled
T000459,2026-03-03,M004,42.61,EUR,settled
T000460,2026-03-03,M035,238.17,GBP,settled
T000461,2026-03-03,M024,173.00,EUR,settled
T000462,2026-03-03,M027,651.41,SEK,settled
T000463,2026-03-03,M029,101.04,NOK,settled
T000464,2026-03-03,M021,56.72,EUR,settled
T000465,2026-03-03,M004,278.86,EUR,settled
T000466,2026-03-03,M013,1867.98,USD,settled
T000467,2026-03-03,M028,129.86,EUR,settled
T000468,2026-03-03,M016,31.42,EUR,settled
T000469,2026-03-03,M020,58.45,EUR,settled
T000470,2026-03-03,M012,102.75,EUR,settled
T000471,2026-03-03,M019,455.94,NOK,settled
T000472,2026-03-03,M017,286.31,SEK,settled
T000473,2026-03-03,M038,273.97,EUR,settled
T000474,2026-03-03,M033,243.71,USD,settled
T000475,2026-03-03,M010,60.10,EUR,pending
T000476,2026-03-03,M012,53.83,EUR,settled
T000477,2026-03-03,M004,7052.97,EUR,settled
T000478,2026-03-03,M027,28.38,SEK,settled
T000479,2026-03-03,M024,40.99,EUR,settled
T000480,2026-03-03,M036,1796.00,EUR,settled
T000481,2026-03-03,M014,45.93,EUR,settled
T000482,2026-03-03,M027,493.02,SEK,settled
T000483,2026-03-04,M020,196.98,EUR,settled
T000484,2026-03-04,M039,116.86,NOK,settled
T000485,2026-03-04,M009,110.65,NOK,settled
T000486,2026-03-04,M012,307.81,EUR,settled
T000487,2026-03-04,M010,575.05,EUR,settled
T000488,2026-03-04,M013,52.91,USD,settled
T000489,2026-03-04,M023,16.73,USD,settled
T000490,2026-03-04,M002,-71.29,EUR,settled
T000491,2026-03-04,M029,2689.11,NOK,settled
T000492,2026-03-04,M009,312.79,NOK,settled
T000493,2026-03-04,M014,1280.88,EUR,settled
T000494,2026-03-04,M032,64.05,EUR,pending
T000495,2026-03-04,M008,58.78,EUR,settled
T000496,2026-03-04,M038,55.02,EUR,settled
T000497,2026-03-04,M001,262.58,EUR,settled
T000498,2026-03-04,M026,170.66,EUR,settled
T000499,2026-03-04,M030,12.19,EUR,settled
T000500,2026-03-04,M026,-53.01,EUR,settled
T000501,2026-03-04,M022,23.23,EUR,settled
T000502,2026-03-04,M036,565.23,EUR,pending
T000503,2026-03-04,M003,12.87,USD,settled
T000504,2026-03-04,M033,56.35,USD,settled
T000505,2026-03-04,M029,442.76,NOK,settled
T000506,2026-03-04,M003,398.28,USD,settled
T000507,2026-03-04,M022,96.73,EUR,settled
T000508,2026-03-04,M025,132.12,GBP,settled
T000508,2026-03-04,M025,132.12,GBP,settled
T000509,2026-03-04,M016,20.25,EUR,settled
T000510,2026-03-04,M040,1629.56,EUR,settled
T000510,2026-03-04,M040,1629.56,EUR,settled
T000511,2026-03-04,M035,320.24,GBP,settled
T000512,2026-03-04,M006,31.33,EUR,pending
T000513,2026-03-04,M035,44.55,GBP,settled
T000514,2026-03-04,M004,51.74,EUR,settled
T000515,2026-03-04,M023,1799.22,USD,settled
T000516,2026-03-04,M037,36.32,SEK,settled
T000517,2026-03-04,M035,22.86,GBP,settled
T000518,2026-03-04,M004,63.52,EUR,settled
T000519,2026-03-04,M025,1.56,GBP,settled
T000520,2026-03-04,M010,2.64,EUR,settled
T000521,2026-03-04,M001,374.91,EUR,settled
T000522,2026-03-04,M018,971.47,EUR,failed
T000523,2026-03-04,M036,362.94,EUR,settled
T000524,2026-03-04,M029,85.40,NOK,settled
T000525,2026-03-04,M030,1148.54,EUR,settled
T000526,2026-03-04,M035,147.63,GBP,settled
T000527,2026-03-04,M036,45.30,EUR,settled
T000528,2026-03-04,M040,621.32,EUR,pending
T000529,2026-03-04,M030,256.26,EUR,settled
T000530,2026-03-04,M013,74.58,USD,settled
T000531,2026-03-04,M023,25.30,USD,settled
T000531,2026-03-04,M023,25.30,USD,settled
T000532,2026-03-04,M008,15.76,EUR,settled
T000533,2026-03-04,M008,3402.17,EUR,pending
T000534,2026-03-04,M031,714.94,EUR,settled
T000535,2026-03-04,M009,109.25,NOK,settled
T000536,2026-03-04,M018,21.61,EUR,settled
T000537,2026-03-04,M026,16.45,EUR,settled
T000538,2026-03-04,M004,461.10,EUR,settled
T000538,2026-03-04,M004,461.10,EUR,settled
T000539,2026-03-04,M029,68.23,NOK,settled
T000540,2026-03-04,M025,151.58,GBP,settled
T000541,2026-03-04,M005,266.95,GBP,settled
T000542,2026-03-04,M006,423.42,EUR,settled
T000543,2026-03-04,M001,4.86,EUR,settled
T000544,2026-03-04,M012,1277.75,EUR,settled
T000545,2026-03-04,M002,11.36,EUR,settled
T000546,2026-03-04,M013,16.09,USD,settled
T000547,2026-03-04,M021,162.54,EUR,pending
T000548,2026-03-04,M001,432.73,EUR,settled
T000549,2026-03-04,M016,43.16,EUR,settled
T000550,2026-03-04,M033,70.65,USD,settled
T000551,2026-03-04,M023,14.65,USD,settled
T000552,2026-03-04,M035,-92.46,GBP,settled
T000553,2026-03-04,M022,91.25,EUR,pending
T000554,2026-03-04,M025,198.59,GBP,pending
T000555,2026-03-04,M005,150.11,GBP,settled
T000556,2026-03-04,M013,40.94,USD,settled
T000557,2026-03-04,M030,30.91,EUR,settled
T000558,2026-03-04,M038,7.67,EUR,settled
T000559,2026-03-04,M021,134.65,EUR,failed
T000560,2026-03-04,M028,34.44,EUR,pending
T000561,2026-03-04,M016,23.76,EUR,settled
T000562,2026-03-04,M011,108.80,EUR,settled
T000563,2026-03-04,M019,76.69,NOK,settled
T000564,2026-03-04,M022,341.59,EUR,settled
T000564,2026-03-04,M022,341.59,EUR,settled
T000565,2026-03-04,M037,198.67,SEK,failed
T000566,2026-03-04,M036,-93.75,EUR,settled
T000567,2026-03-04,M040,364.63,EUR,pending
T000568,2026-03-04,M021,64.89,EUR,settled
T000569,2026-03-04,M007,79.70,SEK,settled
T000570,2026-03-04,M017,602.05,SEK,pending
T000571,2026-03-04,M034,16.38,EUR,settled
T000572,2026-03-04,M017,330.40,SEK,settled
T000572,2026-03-04,M017,330.40,SEK,settled
T000573,2026-03-04,M020,34.27,EUR,settled
T000574,2026-03-04,M038,109.56,EUR,settled
T000575,2026-03-04,M034,84.26,EUR,settled
T000576,2026-03-04,M032,89.72,EUR,settled
T000577,2026-03-04,M020,11.03,EUR,settled
T000578,2026-03-04,M002,46.73,EUR,settled
T000579,2026-03-04,M002,43.02,EUR,settled
T000580,2026-03-04,M009,5.35,NOK,settled
T000581,2026-03-04,M014,211.31,EUR,settled
T000582,2026-03-04,M010,43.41,EUR,settled
T000583,2026-03-04,M033,57.66,USD,settled
T000584,2026-03-04,M010,70.49,EUR,settled
T000585,2026-03-04,M016,376.55,EUR,settled
T000586,2026-03-04,M001,37.35,EUR,settled
T000587,2026-03-04,M040,31.30,EUR,pending
T000588,2026-03-04,M036,-1252.83,EUR,settled
T000589,2026-03-04,M004,297.44,EUR,settled
T000590,2026-03-04,M001,191.66,EUR,settled
T000591,2026-03-04,M022,98.48,EUR,settled
T000592,2026-03-04,M009,12.09,NOK,settled
T000593,2026-03-04,M024,84.34,EUR,settled
T000594,2026-03-04,M004,239.35,EUR,settled
T000595,2026-03-04,M031,20.83,EUR,settled
T000596,2026-03-04,M016,57.86,EUR,settled
T000597,2026-03-04,M040,476.73,EUR,settled
T000598,2026-03-04,M031,141.26,EUR,settled
T000599,2026-03-04,M009,27.33,NOK,settled
T000600,2026-03-04,M007,45.68,SEK,settled
T000601,2026-03-04,M003,21.90,USD,settled
T000602,2026-03-04,M022,890.93,EUR,settled
T000603,2026-03-04,M017,552.72,SEK,settled
T000604,2026-03-04,M012,32.15,EUR,settled
T000605,2026-03-04,M015,1671.30,GBP,settled
T000606,2026-03-04,M023,-92.32,USD,settled
T000607,2026-03-04,M014,93.29,EUR,settled
T000608,2026-03-04,M001,220.43,EUR,settled
T000609,2026-03-04,M009,34.72,NOK,settled
T000610,2026-03-04,M020,81.37,EUR,settled
T000611,2026-03-04,M005,36.20,GBP,pending
T000612,2026-03-04,M018,93.09,EUR,settled
T000613,2026-03-04,M036,925.01,EUR,settled
T000614,2026-03-04,M016,798.18,EUR,settled
T000615,2026-03-04,M009,812.08,NOK,settled
T000616,2026-03-04,M023,-457.75,USD,settled
T000617,2026-03-04,M004,804.52,EUR,settled
T000618,2026-03-04,M037,5.93,SEK,settled
T000619,2026-03-04,M030,175.23,EUR,settled
T000620,2026-03-04,M027,506.88,SEK,failed
T000621,2026-03-04,M016,133.73,EUR,settled
T000622,2026-03-04,M025,86.96,GBP,settled
T000623,2026-03-04,M036,93.39,EUR,pending
T000624,2026-03-04,M016,1154.72,EUR,pending
T000625,2026-03-04,M032,22.05,EUR,settled
T000626,2026-03-04,M002,1250.88,EUR,settled
T000627,2026-03-04,M031,4632.13,EUR,settled
T000628,2026-03-04,M040,25.30,EUR,settled
T000629,2026-03-04,M021,247.08,EUR,settled
T000630,2026-03-04,M034,-359.32,EUR,settled
T000631,2026-03-04,M016,312.36,EUR,settled
T000632,2026-03-04,M023,572.02,USD,settled
T000633,2026-03-04,M009,2669.28,NOK,settled
T000634,2026-03-04,M030,106.44,EUR,settled
T000635,2026-03-04,M039,1984.66,NOK,settled
T000636,2026-03-04,M039,197.11,NOK,pending
T000637,2026-03-04,M002,183.04,EUR,settled
T000638,2026-03-04,M037,296.21,SEK,settled
T000639,2026-03-04,M030,29.05,EUR,settled
T000640,2026-03-04,M037,145.84,SEK,settled
T000641,2026-03-04,M040,106.83,EUR,settled
T000642,2026-03-04,M031,89.83,EUR,settled
T000643,2026-03-04,M024,120.19,EUR,settled
T000644,2026-03-04,M040,487.02,EUR,pending
T000645,2026-03-04,M012,428.58,EUR,settled
T000646,2026-03-04,M037,1668.68,SEK,settled
T000647,2026-03-04,M024,8.43,EUR,settled
T000648,2026-03-04,M018,326.23,EUR,settled
T000649,2026-03-04,M009,122.91,NOK,settled
T000650,2026-03-04,M002,90.82,EUR,settled
T000651,2026-03-04,M039,120.23,NOK,settled
T000652,2026-03-04,M006,64.76,EUR,settled
T000653,2026-03-04,M031,670.14,EUR,settled
T000654,2026-03-04,M029,265.46,NOK,settled
T000655,2026-03-04,M033,122.93,USD,settled
T000656,2026-03-04,M039,264.78,NOK,settled
T000657,2026-03-04,M004,141.51,EUR,settled
T000658,2026-03-04,M017,41.91,SEK,settled
T000659,2026-03-04,M019,19.70,NOK,settled
T000660,2026-03-04,M033,31.88,USD,settled
T000661,2026-03-04,M014,110.57,EUR,settled
T000662,2026-03-04,M017,21.55,SEK,settled
T000663,2026-03-04,M014,3537.60,EUR,settled
T000664,2026-03-04,M024,6.27,EUR,settled
T000665,2026-03-04,M006,265.12,EUR,settled
T000666,2026-03-04,M006,42.15,EUR,pending
T000667,2026-03-04,M016,67.29,EUR,pending
T000668,2026-03-04,M030,35.84,EUR,settled
T000669,2026-03-04,M026,262.32,EUR,settled
T000670,2026-03-04,M039,219.16,NOK,settled
T000671,2026-03-04,M009,1894.22,NOK,settled
T000672,2026-03-04,M027,408.84,SEK,settled
T000673,2026-03-04,M002,13.92,EUR,settled
T000674,2026-03-04,M033,52.01,USD,settled
T000675,2026-03-04,M019,6.03,NOK,failed
T000676,2026-03-04,M030,308.50,EUR,settled
T000677,2026-03-04,M031,24.67,EUR,settled
T000678,2026-03-04,M009,68.06,NOK,settled
T000679,2026-03-04,M037,17.02,SEK,settled
T000680,2026-03-04,M034,134.65,EUR,settled
T000681,2026-03-04,M004,9.90,EUR,settled
T000682,2026-03-04,M006,51.23,EUR,settled
T000683,2026-03-05,M030,36.41,EUR,pending
T000684,2026-03-05,M014,831.95,EUR,settled
T000685,2026-03-05,M007,43.03,SEK,settled
T000686,2026-03-05,M012,-686.41,EUR,failed
T000687,2026-03-05,M017,115.09,SEK,failed
T000688,2026-03-05,M006,60.85,EUR,settled
T000689,2026-03-05,M015,150.86,GBP,pending
T000690,2026-03-05,M014,279.38,EUR,pending
T000691,2026-03-05,M029,70.85,NOK,pending
T000692,2026-03-05,M020,375.91,EUR,settled
T000693,2026-03-05,M026,69.95,EUR,settled
T000694,2026-03-05,M022,1543.59,EUR,settled
T000695,2026-03-05,M018,326.99,EUR,settled
T000696,2026-03-05,M039,774.87,NOK,settled
T000697,2026-03-05,M025,59.70,GBP,settled
T000698,2026-03-05,M001,1341.68,EUR,settled
T000699,2026-03-05,M013,55.84,USD,settled
T000700,2026-03-05,M032,110.54,EUR,settled
T000701,2026-03-05,M037,95.48,SEK,settled
T000702,2026-03-05,M030,13.64,EUR,failed
T000703,2026-03-05,M015,63.57,GBP,settled
T000704,2026-03-05,M031,2073.89,EUR,settled
T000705,2026-03-05,M002,209.73,EUR,settled
T000706,2026-03-05,M002,45.90,EUR,settled
T000707,2026-03-05,M010,9854.57,EUR,settled
T000708,2026-03-05,M002,394.37,EUR,settled
T000709,2026-03-05,M009,10.23,NOK,settled
T000710,2026-03-05,M013,187.11,USD,settled
T000711,2026-03-05,M007,74.62,SEK,settled
T000712,2026-03-05,M040,38.20,EUR,settled
T000713,2026-03-05,M006,-326.71,EUR,settled
T000714,2026-03-05,M006,147.02,EUR,settled
T000715,2026-03-05,M026,409.11,EUR,settled
T000716,2026-03-05,M003,31.03,USD,settled
T000717,2026-03-05,M029,17.78,NOK,settled
T000718,2026-03-05,M025,41.90,GBP,settled
T000719,2026-03-05,M023,212.30,USD,settled
T000720,2026-03-05,M037,85.15,SEK,settled
T000721,2026-03-05,M036,308.81,EUR,settled
T000722,2026-03-05,M003,192.00,USD,pending
T000723,2026-03-05,M031,1207.89,EUR,settled
T000724,2026-03-05,M036,376.05,EUR,settled
T000725,2026-03-05,M003,406.35,USD,settled
T000726,2026-03-05,M024,534.60,EUR,settled
T000727,2026-03-05,M016,35.03,EUR,settled
T000728,2026-03-05,M005,77.16,GBP,settled
T000729,2026-03-05,M021,780.92,EUR,settled
T000729,2026-03-05,M021,780.92,EUR,settled
T000730,2026-03-05,M040,512.87,EUR,settled
T000731,2026-03-05,M029,575.49,NOK,settled
T000732,2026-03-05,M013,-39.58,USD,settled
T000733,2026-03-05,M011,273.39,EUR,settled
T000734,2026-03-05,M030,132.68,EUR,settled
T000735,2026-03-05,M005,89.13,GBP,settled
T000736,2026-03-05,M024,112.22,EUR,settled
T000737,2026-03-05,M023,29.22,USD,settled
T000738,2026-03-05,M013,172.73,USD,settled
T000739,2026-03-05,M040,206.68,EUR,settled
T000740,2026-03-05,M031,5.05,EUR,settled
T000741,2026-03-05,M002,154.80,EUR,settled
T000741,2026-03-05,M002,154.80,EUR,settled
T000742,2026-03-05,M020,79.60,EUR,settled
T000743,2026-03-05,M031,507.93,EUR,settled
T000744,2026-03-05,M006,179.45,EUR,settled
T000745,2026-03-05,M030,133.72,EUR,settled
T000746,2026-03-05,M008,150.49,EUR,settled
T000747,2026-03-05,M027,531.07,SEK,settled
T000748,2026-03-05,M008,98.33,EUR,settled
T000749,2026-03-05,M034,303.27,EUR,settled
T000750,2026-03-05,M038,49.47,EUR,settled
T000751,2026-03-05,M008,-177.53,EUR,settled
T000752,2026-03-05,M023,495.05,USD,settled
T000753,2026-03-05,M025,166.89,GBP,settled
T000754,2026-03-05,M003,448.73,USD,pending
T000755,2026-03-05,M037,44.71,SEK,failed
T000756,2026-03-05,M030,277.47,EUR,failed
T000757,2026-03-05,M006,93.54,EUR,settled
T000758,2026-03-05,M028,185.32,EUR,settled
T000758,2026-03-05,M028,185.32,EUR,settled
T000759,2026-03-05,M006,107.50,EUR,settled
T000760,2026-03-05,M033,146.87,USD,settled
T000761,2026-03-05,M040,52.77,EUR,settled
T000762,2026-03-05,M028,127.82,EUR,settled
T000763,2026-03-05,M015,26.71,GBP,settled
T000764,2026-03-05,M012,38.37,EUR,settled
T000764,2026-03-05,M012,38.37,EUR,settled
T000765,2026-03-05,M035,248.11,GBP,settled
T000766,2026-03-05,M031,313.07,EUR,settled
T000767,2026-03-05,M037,203.03,SEK,settled
T000768,2026-03-05,M004,35.42,EUR,settled
T000769,2026-03-05,M027,860.49,SEK,settled
T000770,2026-03-05,M007,923.74,SEK,settled
T000771,2026-03-05,M013,1629.24,USD,settled
T000772,2026-03-05,M009,3.30,NOK,settled
T000772,2026-03-05,M009,3.30,NOK,settled
T000773,2026-03-05,M014,31.82,EUR,settled
T000774,2026-03-05,M008,36.58,EUR,settled
T000775,2026-03-05,M030,294.03,EUR,settled
T000776,2026-03-05,M024,19.35,EUR,settled
T000777,2026-03-05,M012,-306.77,EUR,settled
T000778,2026-03-05,M015,146.34,GBP,settled
T000779,2026-03-05,M034,19.79,EUR,settled
T000780,2026-03-05,M001,267.61,EUR,settled
T000781,2026-03-05,M014,242.86,EUR,settled
T000782,2026-03-05,M039,23.14,NOK,settled
T000783,2026-03-05,M026,141.36,EUR,settled
T000784,2026-03-05,M026,47.49,EUR,settled
T000785,2026-03-05,M024,1140.54,EUR,settled
T000786,2026-03-05,M031,567.77,EUR,settled
T000787,2026-03-05,M007,36.48,SEK,settled
T000788,2026-03-05,M009,40.15,NOK,settled
T000789,2026-03-05,M011,245.61,EUR,settled
T000790,2026-03-05,M011,851.46,EUR,settled
T000791,2026-03-05,M034,138.37,EUR,settled
T000792,2026-03-05,M015,3.43,GBP,settled
T000793,2026-03-05,M016,30.84,EUR,settled
T000794,2026-03-05,M040,23.63,EUR,settled
T000795,2026-03-05,M028,353.53,EUR,settled
T000796,2026-03-05,M012,51.09,EUR,settled
T000797,2026-03-05,M018,20.65,EUR,settled
T000798,2026-03-05,M014,137.19,EUR,settled
T000799,2026-03-05,M038,56.03,EUR,failed
T000800,2026-03-05,M033,710.51,USD,settled
T000801,2026-03-05,M004,70.62,EUR,settled
T000802,2026-03-05,M035,37.71,GBP,settled
T000803,2026-03-05,M003,44.76,USD,settled
T000804,2026-03-05,M037,582.98,SEK,settled
T000805,2026-03-05,M012,172.07,EUR,settled
T000806,2026-03-05,M031,62.61,EUR,settled
T000807,2026-03-05,M013,5846.16,USD,settled
T000808,2026-03-05,M027,251.49,SEK,failed
T000809,2026-03-05,M031,293.17,EUR,failed
T000810,2026-03-05,M015,157.74,GBP,settled
T000811,2026-03-05,M040,520.44,EUR,settled
T000812,2026-03-05,M024,21.29,EUR,settled
T000813,2026-03-05,M003,10.04,USD,settled
T000814,2026-03-05,M018,2917.36,EUR,settled
T000815,2026-03-05,M040,966.41,EUR,settled
T000816,2026-03-05,M001,507.14,EUR,settled
T000817,2026-03-05,M029,12.99,NOK,settled
T000818,2026-03-05,M029,10.32,NOK,settled
T000819,2026-03-05,M004,179.89,EUR,settled
T000820,2026-03-05,M015,17.37,GBP,settled
T000821,2026-03-05,M024,203.67,EUR,settled
T000822,2026-03-05,M035,63.46,GBP,settled
T000823,2026-03-05,M038,52.98,EUR,settled
T000824,2026-03-05,M011,18.87,EUR,settled
T000825,2026-03-05,M040,225.06,EUR,settled
T000826,2026-03-05,M018,387.44,EUR,settled
T000827,2026-03-05,M022,-56.78,EUR,settled
T000828,2026-03-05,M016,17.77,EUR,pending
T000829,2026-03-05,M012,44.78,EUR,settled
T000830,2026-03-05,M039,3283.45,NOK,settled
T000831,2026-03-05,M019,75.94,NOK,settled
T000832,2026-03-05,M004,115.51,EUR,settled
T000833,2026-03-05,M030,1529.41,EUR,settled
T000834,2026-03-05,M040,49.67,EUR,settled
T000835,2026-03-05,M017,150.88,SEK,settled
T000836,2026-03-05,M010,40.88,EUR,settled
T000837,2026-03-05,M034,184.93,EUR,settled
T000838,2026-03-05,M038,246.43,EUR,settled
T000839,2026-03-05,M001,156.20,EUR,settled
T000840,2026-03-05,M024,64.28,EUR,failed
T000841,2026-03-05,M038,581.42,EUR,settled
T000841,2026-03-05,M038,581.42,EUR,settled
T000842,2026-03-05,M028,41.77,EUR,pending
T000843,2026-03-05,M013,26.29,USD,settled
T000844,2026-03-05,M010,86.10,EUR,settled
T000845,2026-03-05,M001,14.67,EUR,settled
T000846,2026-03-05,M014,921.18,EUR,settled
T000847,2026-03-05,M017,46.98,SEK,settled
T000848,2026-03-05,M032,91.44,EUR,settled
T000849,2026-03-05,M031,101.57,EUR,settled
T000850,2026-03-05,M007,25.01,SEK,settled
T000851,2026-03-05,M039,173.67,NOK,settled
T000852,2026-03-05,M019,16.61,NOK,settled
T000853,2026-03-05,M026,2855.95,EUR,settled
T000854,2026-03-05,M020,60.50,EUR,settled
T000855,2026-03-05,M007,15.09,SEK,settled
T000856,2026-03-05,M021,449.83,EUR,settled
T000857,2026-03-05,M039,37.66,NOK,pending
T000858,2026-03-05,M013,6.61,USD,settled
T000859,2026-03-05,M004,66.93,EUR,settled
T000860,2026-03-05,M019,496.77,NOK,settled
T000861,2026-03-05,M025,72.98,GBP,settled
T000862,2026-03-05,M003,442.14,USD,settled
T000863,2026-03-06,M011,52.71,EUR,settled
T000864,2026-03-06,M001,472.66,EUR,settled
T000865,2026-03-06,M010,108.43,EUR,settled
T000866,2026-03-06,M013,760.73,USD,settled
T000867,2026-03-06,M005,344.61,GBP,settled
T000868,2026-03-06,M004,43.19,EUR,pending
T000869,2026-03-06,M033,65.52,USD,settled
T000870,2026-03-06,M006,76.46,EUR,settled
T000871,2026-03-06,M001,18.10,EUR,settled
T000872,2026-03-06,M012,45.29,EUR,settled
T000873,2026-03-06,M027,249.35,SEK,settled
T000874,2026-03-06,M008,503.10,EUR,settled
T000875,2026-03-06,M034,176.94,EUR,settled
T000876,2026-03-06,M032,8.43,EUR,settled
T000877,2026-03-06,M018,6.17,EUR,settled
T000878,2026-03-06,M029,10.70,NOK,settled
T000879,2026-03-06,M014,64.77,EUR,pending
T000880,2026-03-06,M023,273.16,USD,settled
T000881,2026-03-06,M035,153.06,GBP,pending
T000882,2026-03-06,M029,56.79,NOK,settled
T000883,2026-03-06,M025,53.62,GBP,settled
T000884,2026-03-06,M015,478.82,GBP,pending
T000885,2026-03-06,M013,30.03,USD,settled
T000886,2026-03-06,M019,50.84,NOK,settled
T000887,2026-03-06,M036,88.28,EUR,pending
T000888,2026-03-06,M010,51.28,EUR,settled
T000889,2026-03-06,M024,7.35,EUR,settled
T000890,2026-03-06,M005,11.09,GBP,failed
T000891,2026-03-06,M006,12.37,EUR,settled
T000892,2026-03-06,M022,117.67,EUR,pending
T000893,2026-03-06,M007,170.79,SEK,settled
T000894,2026-03-06,M023,456.82,USD,settled
T000895,2026-03-06,M037,17.54,SEK,pending
T000896,2026-03-06,M004,35.67,EUR,settled
T000897,2026-03-06,M026,211.78,EUR,settled
T000898,2026-03-06,M002,126.01,EUR,settled
T000899,2026-03-06,M002,82.93,EUR,settled
T000900,2026-03-06,M015,168.91,GBP,settled
T000901,2026-03-06,M024,98.98,EUR,settled
T000902,2026-03-06,M003,120.09,USD,settled
T000903,2026-03-06,M021,58.05,EUR,settled
T000904,2026-03-06,M017,160.66,SEK,settled
T000905,2026-03-06,M029,11.01,NOK,settled
T000906,2026-03-06,M001,117.73,EUR,settled
T000907,2026-03-06,M028,44.76,EUR,failed
T000908,2026-03-06,M038,55.47,EUR,settled
T000909,2026-03-06,M027,45.59,SEK,settled
T000910,2026-03-06,M022,98.05,EUR,pending
T000911,2026-03-06,M037,497.99,SEK,pending
T000912,2026-03-06,M002,429.70,EUR,settled
T000913,2026-03-06,M009,2974.50,NOK,settled
T000914,2026-03-06,M023,24.23,USD,settled
T000915,2026-03-06,M008,686.48,EUR,settled
T000916,2026-03-06,M040,140.03,EUR,settled
T000917,2026-03-06,M026,28.50,EUR,settled
T000918,2026-03-06,M028,69.92,EUR,settled
T000919,2026-03-06,M007,-105.49,SEK,settled
T000920,2026-03-06,M019,141.84,NOK,settled
T000921,2026-03-06,M030,17.27,EUR,settled
T000922,2026-03-06,M039,246.60,NOK,settled
T000923,2026-03-06,M001,169.40,EUR,settled
T000924,2026-03-06,M004,443.19,EUR,settled
T000925,2026-03-06,M009,486.02,NOK,settled
T000926,2026-03-06,M026,18.45,EUR,settled
T000926,2026-03-06,M026,18.45,EUR,settled
T000927,2026-03-06,M031,28.27,EUR,settled
T000928,2026-03-06,M011,77.39,EUR,pending
T000929,2026-03-06,M021,59.46,EUR,failed
T000930,2026-03-06,M016,157.38,EUR,settled
T000931,2026-03-06,M029,107.75,NOK,settled
T000932,2026-03-06,M018,39.88,EUR,settled
T000933,2026-03-06,M037,269.04,SEK,settled
T000934,2026-03-06,M024,19.76,EUR,settled
T000935,2026-03-06,M014,97.45,EUR,settled
T000936,2026-03-06,M028,38.54,EUR,settled
T000937,2026-03-06,M024,313.91,EUR,settled
T000938,2026-03-06,M038,234.73,EUR,settled
T000939,2026-03-06,M012,521.48,EUR,settled
T000940,2026-03-06,M010,151.83,EUR,pending
T000941,2026-03-06,M032,904.26,EUR,failed
T000942,2026-03-06,M017,210.52,SEK,settled
T000943,2026-03-06,M008,138.61,EUR,settled
T000944,2026-03-06,M026,246.25,EUR,settled
T000945,2026-03-06,M025,15.53,GBP,settled
T000946,2026-03-06,M016,195.42,EUR,settled
T000947,2026-03-06,M020,16769.86,EUR,settled
T000948,2026-03-06,M034,94.67,EUR,settled
T000949,2026-03-06,M031,79.76,EUR,settled
T000950,2026-03-06,M016,6.48,EUR,settled
T000951,2026-03-06,M028,30.78,EUR,settled
T000952,2026-03-06,M012,87.13,EUR,settled
T000952,2026-03-06,M012,87.13,EUR,settled
T000953,2026-03-06,M026,252.95,EUR,pending
T000954,2026-03-06,M029,77.63,NOK,settled
T000955,2026-03-06,M032,480.06,EUR,settled
T000956,2026-03-06,M027,100.15,SEK,settled
T000957,2026-03-06,M009,4288.91,NOK,settled
T000958,2026-03-06,M003,1357.44,USD,settled
T000959,2026-03-06,M032,753.19,EUR,pending
T000960,2026-03-06,M030,12.48,EUR,settled
T000961,2026-03-06,M038,309.00,EUR,settled
T000962,2026-03-06,M035,133.81,GBP,settled
T000963,2026-03-06,M031,1249.68,EUR,settled
T000964,2026-03-06,M024,83.01,EUR,settled
T000965,2026-03-06,M006,750.83,EUR,settled
T000966,2026-03-06,M038,23.77,EUR,settled
T000967,2026-03-06,M002,603.51,EUR,settled
T000968,2026-03-06,M001,186.51,EUR,settled
T000969,2026-03-06,M001,384.10,EUR,settled
T000970,2026-03-06,M033,109.13,USD,pending
T000971,2026-03-06,M039,139.88,NOK,settled
T000972,2026-03-06,M033,373.51,USD,settled
T000973,2026-03-06,M037,24.48,SEK,settled
T000974,2026-03-06,M020,110.36,EUR,settled
T000975,2026-03-06,M035,108.90,GBP,settled
T000976,2026-03-06,M007,1370.46,SEK,settled
T000977,2026-03-06,M036,-24.37,EUR,settled
T000978,2026-03-06,M002,69.58,EUR,settled
T000979,2026-03-06,M016,314.74,EUR,settled
T000980,2026-03-06,M037,364.54,SEK,settled
T000981,2026-03-06,M028,41.92,EUR,settled
T000982,2026-03-06,M035,57.44,GBP,settled
T000983,2026-03-06,M004,349.24,EUR,settled
T000984,2026-03-06,M039,195.19,NOK,settled
T000985,2026-03-06,M024,74.53,EUR,settled
T000986,2026-03-06,M026,130.01,EUR,settled
T000987,2026-03-06,M029,181.71,NOK,settled
T000988,2026-03-06,M036,132.55,EUR,settled
T000989,2026-03-06,M013,591.25,USD,settled
T000990,2026-03-06,M018,101.73,EUR,settled
T000991,2026-03-06,M038,271.00,EUR,settled
T000992,2026-03-06,M011,315.55,EUR,settled
T000993,2026-03-06,M033,58.55,USD,settled
T000994,2026-03-06,M030,8.91,EUR,settled
T000995,2026-03-06,M036,76.42,EUR,settled
T000996,2026-03-06,M005,63.05,GBP,settled
T000997,2026-03-06,M014,42.34,EUR,settled
T000998,2026-03-06,M036,25.77,EUR,settled
T000999,2026-03-06,M003,308.40,USD,pending
T001000,2026-03-06,M004,226.72,EUR,settled
T001001,2026-03-06,M036,126.86,EUR,settled
T001002,2026-03-06,M003,80.46,USD,settled
T001003,2026-03-06,M004,39.90,EUR,pending
T001004,2026-03-06,M038,17.24,EUR,settled
T001005,2026-03-06,M038,813.01,EUR,settled
T001006,2026-03-06,M015,109.77,GBP,settled
T001007,2026-03-06,M008,281.48,EUR,settled
T001008,2026-03-06,M031,171.94,EUR,settled
T001009,2026-03-06,M026,344.84,EUR,pending
T001010,2026-03-06,M013,92.08,USD,settled
T001011,2026-03-06,M027,91.69,SEK,failed
T001012,2026-03-06,M009,629.20,NOK,pending
T001013,2026-03-06,M036,559.00,EUR,settled
T001014,2026-03-06,M031,114.10,EUR,settled
T001015,2026-03-06,M001,758.50,EUR,pending
T001016,2026-03-06,M013,326.13,USD,settled
T001017,2026-03-06,M039,26.54,NOK,pending
T001018,2026-03-06,M030,360.84,EUR,settled
T001019,2026-03-06,M011,30.05,EUR,settled
T001020,2026-03-06,M009,155.65,NOK,settled
T001021,2026-03-06,M030,48.44,EUR,settled
T001022,2026-03-06,M013,107.25,USD,settled
T001023,2026-03-06,M015,192.22,GBP,settled
T001024,2026-03-06,M027,532.57,SEK,settled
T001025,2026-03-06,M031,52.05,EUR,settled
T001026,2026-03-06,M005,128.84,GBP,settled
T001027,2026-03-06,M040,269.33,EUR,settled
T001028,2026-03-06,M014,502.34,EUR,settled
T001029,2026-03-06,M001,518.12,EUR,pending
T001030,2026-03-06,M017,535.49,SEK,settled
T001031,2026-03-06,M035,782.86,GBP,failed
T001032,2026-03-06,M038,12.64,EUR,settled
T001033,2026-03-06,M006,885.58,EUR,settled
T001034,2026-03-06,M007,20.27,SEK,settled
T001035,2026-03-06,M007,155.63,SEK,settled
T001036,2026-03-06,M032,1409.90,EUR,settled
T001037,2026-03-06,M036,91.39,EUR,settled
T001038,2026-03-07,M038,551.74,EUR,settled
T001039,2026-03-07,M037,16.91,SEK,settled
T001040,2026-03-07,M027,916.98,SEK,settled
T001041,2026-03-07,M025,135.85,GBP,settled
T001042,2026-03-07,M025,150.33,GBP,settled
T001043,2026-03-07,M010,37.37,EUR,settled
T001044,2026-03-07,M002,80.87,EUR,settled
T001045,2026-03-07,M016,178.09,EUR,settled
T001046,2026-03-07,M013,4.44,USD,settled
T001047,2026-03-07,M019,152.99,NOK,failed
T001048,2026-03-07,M002,56.33,EUR,settled
T001049,2026-03-07,M028,81.12,EUR,settled
T001050,2026-03-07,M021,95.78,EUR,settled
T001051,2026-03-07,M027,221.71,SEK,failed
T001052,2026-03-07,M031,594.63,EUR,settled
T001052,2026-03-07,M031,594.63,EUR,settled
T001053,2026-03-07,M004,760.42,EUR,settled
T001054,2026-03-07,M011,27.43,EUR,settled
T001055,2026-03-07,M026,411.59,EUR,settled
T001056,2026-03-07,M031,53.13,EUR,settled
T001057,2026-03-07,M010,503.11,EUR,settled
T001058,2026-03-07,M037,14.12,SEK,settled
T001059,2026-03-07,M006,11.66,EUR,settled
T001060,2026-03-07,M006,92.06,EUR,pending
T001061,2026-03-07,M030,62.90,EUR,settled
T001062,2026-03-07,M040,30.32,EUR,settled
T001063,2026-03-07,M008,133.12,EUR,settled
T001064,2026-03-07,M006,267.76,EUR,settled
T001065,2026-03-07,M030,319.00,EUR,pending
T001066,2026-03-07,M020,50.66,EUR,settled
T001067,2026-03-07,M003,7.56,USD,failed
T001068,2026-03-07,M036,23.55,EUR,settled
T001069,2026-03-07,M008,552.08,EUR,settled
T001070,2026-03-07,M012,657.43,EUR,settled
T001071,2026-03-07,M006,156.92,EUR,settled
T001072,2026-03-07,M017,52.78,SEK,settled
T001073,2026-03-07,M010,1062.83,EUR,settled
T001074,2026-03-07,M029,179.55,NOK,settled
T001075,2026-03-07,M037,223.10,SEK,settled
T001076,2026-03-07,M029,27.07,NOK,settled
T001077,2026-03-07,M008,978.29,EUR,settled
T001078,2026-03-07,M028,563.53,EUR,settled
T001079,2026-03-07,M023,92.76,USD,settled
T001080,2026-03-07,M004,48.91,EUR,settled
T001081,2026-03-07,M027,51.52,SEK,settled
T001082,2026-03-07,M033,81.66,USD,settled
T001083,2026-03-07,M008,39.30,EUR,settled
T001084,2026-03-07,M026,1335.31,EUR,settled
T001085,2026-03-07,M025,2006.37,GBP,settled
T001085,2026-03-07,M025,2006.37,GBP,settled
T001086,2026-03-07,M018,41.59,EUR,settled
T001087,2026-03-07,M024,501.02,EUR,settled
T001088,2026-03-07,M014,346.19,EUR,settled
T001089,2026-03-07,M023,1799.82,USD,settled
T001090,2026-03-07,M006,524.54,EUR,settled
T001091,2026-03-07,M003,77.83,USD,settled
T001092,2026-03-07,M019,8.92,NOK,settled
T001093,2026-03-07,M008,41.65,EUR,settled
T001094,2026-03-07,M030,21.99,EUR,failed
T001095,2026-03-07,M014,14.19,EUR,settled
T001096,2026-03-07,M033,64.29,USD,pending
T001097,2026-03-07,M022,9.94,EUR,settled
T001098,2026-03-07,M011,28.81,EUR,settled
T001099,2026-03-07,M037,30.99,SEK,settled
T001100,2026-03-07,M034,439.49,EUR,settled
T001101,2026-03-07,M015,193.46,GBP,settled
T001102,2026-03-07,M019,64.41,NOK,settled
T001103,2026-03-07,M029,453.33,NOK,settled
T001104,2026-03-07,M031,159.40,EUR,settled
T001105,2026-03-07,M029,72.58,NOK,settled
T001106,2026-03-07,M031,292.44,EUR,settled
T001107,2026-03-07,M036,263.73,EUR,settled
T001108,2026-03-07,M014,25.27,EUR,settled
T001109,2026-03-07,M039,66.33,NOK,settled
T001109,2026-03-07,M039,66.33,NOK,settled
T001110,2026-03-07,M032,292.21,EUR,settled
T001111,2026-03-07,M008,108.21,EUR,settled
T001112,2026-03-08,M040,142.75,EUR,settled
T001113,2026-03-08,M006,28.83,EUR,settled
T001114,2026-03-08,M027,103.33,SEK,settled
T001115,2026-03-08,M006,19.85,EUR,settled
T001116,2026-03-08,M027,313.48,SEK,settled
T001117,2026-03-08,M007,895.91,SEK,settled
T001118,2026-03-08,M008,1278.21,EUR,pending
T001119,2026-03-08,M017,13.92,SEK,settled
T001120,2026-03-08,M039,262.20,NOK,settled
T001121,2026-03-08,M030,53.07,EUR,settled
T001122,2026-03-08,M019,213.00,NOK,settled
T001123,2026-03-08,M025,475.38,GBP,settled
T001124,2026-03-08,M035,25.24,GBP,pending
T001125,2026-03-08,M021,81.48,EUR,settled
T001126,2026-03-08,M009,55.62,NOK,settled
T001127,2026-03-08,M036,72.20,EUR,settled
T001128,2026-03-08,M015,238.66,GBP,settled
T001129,2026-03-08,M020,1001.82,EUR,settled
T001130,2026-03-08,M023,107.91,USD,settled
T001131,2026-03-08,M003,512.11,USD,settled
T001132,2026-03-08,M032,2.88,EUR,settled
T001133,2026-03-08,M024,-24.12,EUR,settled
T001134,2026-03-08,M038,392.56,EUR,settled
T001135,2026-03-08,M015,3784.49,GBP,settled
T001136,2026-03-08,M029,164.38,NOK,settled
T001136,2026-03-08,M029,164.38,NOK,settled
T001137,2026-03-08,M016,84.45,EUR,pending
T001138,2026-03-08,M027,52.88,SEK,settled
T001139,2026-03-08,M007,255.14,SEK,failed
T001140,2026-03-08,M037,53.71,SEK,settled
T001141,2026-03-08,M029,59.70,NOK,settled
T001142,2026-03-08,M024,489.54,EUR,settled
T001143,2026-03-08,M021,94.49,EUR,settled
T001144,2026-03-08,M025,140.86,GBP,settled
T001145,2026-03-08,M021,177.76,EUR,settled
T001146,2026-03-08,M005,390.50,GBP,settled
T001146,2026-03-08,M005,390.50,GBP,settled
T001147,2026-03-08,M028,540.61,EUR,settled
T001148,2026-03-08,M021,751.01,EUR,settled
T001149,2026-03-08,M024,1006.61,EUR,settled
T001150,2026-03-08,M008,20.65,EUR,pending
T001151,2026-03-08,M030,25.70,EUR,settled
T001152,2026-03-08,M040,-71.92,EUR,settled
T001153,2026-03-08,M016,977.23,EUR,settled
T001154,2026-03-08,M012,95.08,EUR,settled
T001155,2026-03-08,M013,186.72,USD,failed
T001156,2026-03-08,M029,21.74,NOK,settled
T001157,2026-03-08,M021,13044.36,EUR,settled
T001158,2026-03-08,M038,948.61,EUR,settled
T001159,2026-03-08,M027,133.10,SEK,settled
T001160,2026-03-08,M036,225.96,EUR,pending
T001161,2026-03-08,M022,1.20,EUR,settled
T001162,2026-03-08,M040,56.76,EUR,pending
T001163,2026-03-08,M027,340.90,SEK,settled
T001164,2026-03-08,M026,53.35,EUR,settled
T001165,2026-03-08,M039,131.89,NOK,settled
T001166,2026-03-08,M027,4.40,SEK,settled
T001167,2026-03-08,M017,3208.26,SEK,settled
T001168,2026-03-08,M006,259.03,EUR,settled
T001169,2026-03-08,M024,32.59,EUR,settled
T001170,2026-03-08,M016,41.30,EUR,settled
T001171,2026-03-08,M033,487.48,USD,pending
T001172,2026-03-08,M029,2815.84,NOK,settled
T001173,2026-03-08,M014,163.10,EUR,pending
T001174,2026-03-08,M004,11.57,EUR,settled
T001175,2026-03-08,M014,56.71,EUR,settled
T001176,2026-03-08,M022,71.47,EUR,settled
T001177,2026-03-08,M011,112.44,EUR,settled
T001178,2026-03-08,M039,2847.68,NOK,settled
T001179,2026-03-08,M019,145.46,NOK,settled
T001180,2026-03-08,M003,50.24,USD,settled
T001181,2026-03-08,M033,11.79,USD,settled
T001182,2026-03-08,M027,5180.49,SEK,settled
T001183,2026-03-08,M007,989.96,SEK,settled
T001184,2026-03-08,M040,211.53,EUR,settled
T001185,2026-03-08,M005,150.74,GBP,settled
T001186,2026-03-08,M009,2.70,NOK,settled
T001187,2026-03-08,M022,7.90,EUR,settled
T001188,2026-03-08,M010,134.95,EUR,settled
T001189,2026-03-08,M022,104.64,EUR,settled
T001190,2026-03-08,M030,109.70,EUR,settled
T001191,2026-03-08,M030,50.48,EUR,settled
T001192,2026-03-08,M028,8.90,EUR,settled
T001193,2026-03-08,M013,17.18,USD,settled
T001194,2026-03-08,M013,1521.87,USD,settled
T001195,2026-03-08,M028,50.44,EUR,settled
T001196,2026-03-08,M025,1416.67,GBP,settled
T001197,2026-03-08,M035,74.32,GBP,settled
T001198,2026-03-08,M037,909.83,SEK,settled
T001199,2026-03-08,M033,61.58,USD,settled
T001200,2026-03-09,M035,139.39,GBP,settled
T001201,2026-03-09,M003,145.56,USD,settled
T001202,2026-03-09,M002,378.02,EUR,settled
T001203,2026-03-09,M033,29.68,USD,settled
T001204,2026-03-09,M001,212.23,EUR,settled
T001205,2026-03-09,M028,542.20,EUR,settled
T001206,2026-03-09,M017,81.58,SEK,settled
T001207,2026-03-09,M029,529.85,NOK,settled
T001207,2026-03-09,M029,529.85,NOK,settled
T001208,2026-03-09,M028,357.09,EUR,failed
T001209,2026-03-09,M010,4.17,EUR,settled
T001210,2026-03-09,M007,230.71,SEK,settled
T001211,2026-03-09,M010,43.88,EUR,settled
T001212,2026-03-09,M023,18.44,USD,settled
T001213,2026-03-09,M010,197.16,EUR,settled
T001214,2026-03-09,M028,16.77,EUR,failed
T001215,2026-03-09,M036,674.47,EUR,settled
T001216,2026-03-09,M006,741.04,EUR,settled
T001217,2026-03-09,M012,210.45,EUR,settled
T001218,2026-03-09,M039,24.46,NOK,settled
T001219,2026-03-09,M026,242.13,EUR,settled
T001220,2026-03-09,M002,6.00,EUR,settled
T001221,2026-03-09,M015,485.91,GBP,settled
T001222,2026-03-09,M027,19.80,SEK,settled
T001223,2026-03-09,M003,40.08,USD,pending
T001224,2026-03-09,M010,330.27,EUR,settled
T001225,2026-03-09,M013,-4.40,USD,settled
T001226,2026-03-09,M035,-3.41,GBP,settled
T001227,2026-03-09,M011,253.06,EUR,settled
T001228,2026-03-09,M019,42.18,NOK,settled
T001229,2026-03-09,M026,14.38,EUR,settled
T001230,2026-03-09,M016,52.45,EUR,settled
T001231,2026-03-09,M025,1759.03,GBP,settled
T001232,2026-03-09,M036,25.72,EUR,settled
T001233,2026-03-09,M005,213.17,GBP,settled
T001234,2026-03-09,M032,36.83,EUR,failed
T001235,2026-03-09,M009,139.78,NOK,pending
T001236,2026-03-09,M006,16.24,EUR,pending
T001237,2026-03-09,M025,42.95,GBP,settled
T001238,2026-03-09,M003,35.81,USD,settled
T001239,2026-03-09,M038,1601.64,EUR,failed
T001240,2026-03-09,M016,47.91,EUR,settled
T001241,2026-03-09,M037,72.64,SEK,settled
T001242,2026-03-09,M018,54.86,EUR,pending
T001243,2026-03-09,M028,8.59,EUR,settled
T001244,2026-03-09,M009,84.56,NOK,settled
T001245,2026-03-09,M008,34.68,EUR,pending
T001246,2026-03-09,M040,128.41,EUR,pending
T001247,2026-03-09,M036,63.62,EUR,settled
T001248,2026-03-09,M002,722.75,EUR,settled
T001249,2026-03-09,M007,138.67,SEK,settled
T001250,2026-03-09,M022,53.23,EUR,settled
T001251,2026-03-09,M014,-175.40,EUR,settled
T001252,2026-03-09,M028,216.67,EUR,settled
T001253,2026-03-09,M012,79.82,EUR,settled
T001253,2026-03-09,M012,79.82,EUR,settled
T001254,2026-03-09,M004,265.38,EUR,settled
T001255,2026-03-09,M014,3018.23,EUR,pending
T001256,2026-03-09,M037,16.78,SEK,settled
T001257,2026-03-09,M035,3.38,GBP,settled
T001258,2026-03-09,M026,38.59,EUR,settled
T001259,2026-03-09,M003,228.99,USD,settled
T001260,2026-03-09,M013,221.94,USD,settled
T001261,2026-03-09,M023,47.86,USD,settled
T001262,2026-03-09,M023,203.22,USD,settled
T001263,2026-03-09,M008,150.92,EUR,pending
T001264,2026-03-09,M035,492.92,GBP,settled
T001265,2026-03-09,M016,23.68,EUR,settled
T001266,2026-03-09,M019,250.04,NOK,settled
T001267,2026-03-09,M014,529.05,EUR,settled
T001268,2026-03-09,M028,89.75,EUR,settled
T001269,2026-03-09,M022,15.78,EUR,settled
T001270,2026-03-09,M030,50.82,EUR,settled
T001271,2026-03-09,M040,126.14,EUR,settled
T001272,2026-03-09,M034,109.89,EUR,settled
T001273,2026-03-09,M033,409.40,USD,settled
T001274,2026-03-09,M031,193.55,EUR,settled
T001275,2026-03-09,M023,7.02,USD,settled
T001276,2026-03-09,M007,82.02,SEK,settled
T001277,2026-03-09,M030,16.29,EUR,settled
T001278,2026-03-09,M035,-68.86,GBP,settled
T001279,2026-03-09,M040,17.04,EUR,settled
T001280,2026-03-09,M002,364.58,EUR,settled
T001281,2026-03-09,M025,71.19,GBP,settled
T001282,2026-03-09,M002,36.04,EUR,settled
T001283,2026-03-09,M036,184.71,EUR,pending
T001284,2026-03-09,M009,101.26,NOK,settled
T001285,2026-03-09,M027,60.85,SEK,settled
T001286,2026-03-09,M033,685.78,USD,settled
T001287,2026-03-09,M019,60.99,NOK,settled
T001288,2026-03-09,M008,41.75,EUR,settled
T001289,2026-03-09,M031,34.58,EUR,settled
T001290,2026-03-09,M038,221.99,EUR,settled
T001291,2026-03-09,M038,813.95,EUR,settled
T001292,2026-03-09,M014,234.56,EUR,settled
T001293,2026-03-09,M010,332.74,EUR,settled
T001294,2026-03-09,M003,621.20,USD,settled
T001295,2026-03-09,M018,214.80,EUR,settled
T001296,2026-03-09,M036,213.39,EUR,settled
T001297,2026-03-09,M019,81.57,NOK,settled
T001298,2026-03-09,M028,411.74,EUR,settled
T001299,2026-03-09,M019,397.54,NOK,settled
T001300,2026-03-09,M025,2851.98,GBP,settled
T001301,2026-03-09,M013,401.10,USD,settled
T001302,2026-03-09,M016,108.32,EUR,pending
T001303,2026-03-09,M020,83.33,EUR,settled
T001304,2026-03-09,M008,60.49,EUR,settled
T001305,2026-03-09,M033,7.26,USD,settled
T001306,2026-03-09,M005,107.83,GBP,settled
T001306,2026-03-09,M005,107.83,GBP,settled
T001307,2026-03-09,M009,15.76,NOK,settled
T001308,2026-03-09,M011,345.22,EUR,settled
T001309,2026-03-09,M009,4.71,NOK,settled
T001310,2026-03-09,M011,19.35,EUR,pending
T001311,2026-03-09,M015,94.04,GBP,settled
T001312,2026-03-09,M013,17.61,USD,settled
T001313,2026-03-09,M029,10.10,NOK,settled
T001314,2026-03-09,M007,123.73,SEK,settled
T001315,2026-03-09,M027,138.44,SEK,settled
T001316,2026-03-09,M002,69.66,EUR,settled
T001317,2026-03-09,M013,34.56,USD,settled
T001318,2026-03-09,M003,137.14,USD,settled
T001319,2026-03-09,M032,179.47,EUR,settled
T001320,2026-03-09,M026,4551.80,EUR,settled
T001321,2026-03-09,M030,965.93,EUR,settled
T001322,2026-03-09,M021,18.28,EUR,settled
T001323,2026-03-09,M035,68.38,GBP,settled
T001324,2026-03-09,M029,150.97,NOK,settled
T001325,2026-03-09,M005,36.90,GBP,pending
T001326,2026-03-09,M007,69.06,SEK,settled
T001327,2026-03-09,M037,23.80,SEK,settled
T001328,2026-03-09,M016,106.55,EUR,failed
T001329,2026-03-09,M006,258.74,EUR,settled
T001330,2026-03-09,M007,2347.90,SEK,settled
T001331,2026-03-09,M003,15.74,USD,settled
T001332,2026-03-09,M040,-125.06,EUR,settled
T001332,2026-03-09,M040,-125.06,EUR,settled
T001333,2026-03-09,M022,4603.73,EUR,pending
T001334,2026-03-09,M003,207.74,USD,settled
T001335,2026-03-09,M023,439.71,USD,pending
T001336,2026-03-09,M040,163.10,EUR,pending
T001337,2026-03-09,M010,404.52,EUR,settled
T001338,2026-03-09,M027,33.50,SEK,settled
T001339,2026-03-09,M017,228.38,SEK,settled
T001340,2026-03-09,M014,89.42,EUR,settled
T001341,2026-03-09,M014,192.61,EUR,settled
T001342,2026-03-09,M014,325.46,EUR,settled
T001343,2026-03-09,M012,12.94,EUR,settled
T001344,2026-03-09,M005,209.70,GBP,settled
T001345,2026-03-09,M034,21.30,EUR,settled
T001346,2026-03-09,M001,33.18,EUR,settled
T001347,2026-03-09,M015,136.98,GBP,settled
T001348,2026-03-09,M026,45.81,EUR,settled
T001349,2026-03-09,M037,193.55,SEK,settled
T001350,2026-03-09,M026,762.16,EUR,settled
T001351,2026-03-09,M008,13.29,EUR,settled
T001352,2026-03-09,M014,63.88,EUR,settled
T001353,2026-03-09,M012,404.47,EUR,settled
T001354,2026-03-09,M009,951.61,NOK,settled
T001355,2026-03-09,M030,65.24,EUR,settled
T001356,2026-03-09,M008,501.79,EUR,settled
T001357,2026-03-09,M024,167.73,EUR,settled
T001358,2026-03-09,M003,94.04,USD,settled
T001359,2026-03-09,M032,471.58,EUR,settled
T001360,2026-03-09,M040,151.01,EUR,settled
T001361,2026-03-09,M023,225.69,USD,settled
T001362,2026-03-09,M014,161.25,EUR,settled
T001363,2026-03-09,M036,633.46,EUR,settled
T001364,2026-03-09,M020,433.17,EUR,settled
T001365,2026-03-09,M022,393.46,EUR,settled
T001366,2026-03-09,M029,110.87,NOK,failed
T001367,2026-03-09,M029,115.15,NOK,settled
T001368,2026-03-09,M001,331.48,EUR,settled
T001369,2026-03-09,M018,351.91,EUR,settled
T001370,2026-03-09,M009,108.57,NOK,settled
T001371,2026-03-09,M020,259.32,EUR,pending
T001372,2026-03-09,M018,129.98,EUR,settled
T001373,2026-03-09,M039,39.17,NOK,pending
T001374,2026-03-09,M017,468.83,SEK,settled
T001374,2026-03-09,M017,468.83,SEK,settled
T001375,2026-03-09,M029,43.15,NOK,settled
T001376,2026-03-09,M029,77.72,NOK,settled
T001377,2026-03-09,M018,192.55,EUR,settled
T001378,2026-03-09,M027,9.05,SEK,settled
T001379,2026-03-09,M026,64.43,EUR,settled
T001380,2026-03-09,M007,99.21,SEK,settled
T001381,2026-03-09,M025,231.36,GBP,settled
T001382,2026-03-10,M038,31.22,EUR,settled
T001383,2026-03-10,M026,314.75,EUR,settled
T001384,2026-03-10,M009,46.51,NOK,settled
T001385,2026-03-10,M012,573.00,EUR,settled
T001386,2026-03-10,M035,1000.25,GBP,settled
T001387,2026-03-10,M035,73.35,GBP,settled
T001388,2026-03-10,M008,1003.56,EUR,settled
T001388,2026-03-10,M008,1003.56,EUR,settled
T001389,2026-03-10,M040,179.40,EUR,settled
T001390,2026-03-10,M034,-168.84,EUR,settled
T001391,2026-03-10,M008,13.33,EUR,settled
T001392,2026-03-10,M017,254.54,SEK,settled
T001393,2026-03-10,M015,251.64,GBP,settled
T001394,2026-03-10,M004,30.29,EUR,settled
T001395,2026-03-10,M010,31.00,EUR,settled
T001396,2026-03-10,M008,54.73,EUR,settled
T001397,2026-03-10,M028,43.79,EUR,settled
T001398,2026-03-10,M029,881.57,NOK,settled
T001399,2026-03-10,M036,272.67,EUR,settled
T001400,2026-03-10,M009,795.88,NOK,settled
T001401,2026-03-10,M013,8.21,USD,settled
T001402,2026-03-10,M003,33.25,USD,settled
T001403,2026-03-10,M019,1569.07,NOK,settled
T001404,2026-03-10,M007,36.56,SEK,settled
T001405,2026-03-10,M003,52.73,USD,settled
T001406,2026-03-10,M017,1.63,SEK,settled
T001407,2026-03-10,M024,64.55,EUR,pending
T001408,2026-03-10,M011,170.79,EUR,settled
T001409,2026-03-10,M011,3469.69,EUR,pending
T001410,2026-03-10,M026,32.40,EUR,settled
T001411,2026-03-10,M026,274.65,EUR,settled
T001412,2026-03-10,M029,455.07,NOK,settled
T001413,2026-03-10,M004,49.40,EUR,pending
T001414,2026-03-10,M034,454.82,EUR,settled
T001415,2026-03-10,M008,11.19,EUR,settled
T001416,2026-03-10,M012,37.94,EUR,settled
T001417,2026-03-10,M011,55.77,EUR,settled
T001418,2026-03-10,M004,520.59,EUR,pending
T001419,2026-03-10,M025,1254.91,GBP,settled
T001420,2026-03-10,M029,32.36,NOK,settled
T001421,2026-03-10,M024,104.93,EUR,settled
T001422,2026-03-10,M016,129.29,EUR,settled
T001423,2026-03-10,M038,9781.78,EUR,settled
T001424,2026-03-10,M006,530.29,EUR,settled
T001425,2026-03-10,M031,-88.86,EUR,settled
T001426,2026-03-10,M036,1689.04,EUR,settled
T001427,2026-03-10,M038,63.89,EUR,failed
T001428,2026-03-10,M029,329.92,NOK,settled
T001429,2026-03-10,M022,72.62,EUR,settled
T001430,2026-03-10,M017,47.82,SEK,settled
T001431,2026-03-10,M029,15.01,NOK,settled
T001432,2026-03-10,M018,719.07,EUR,settled
T001433,2026-03-10,M001,11.77,EUR,settled
T001434,2026-03-10,M025,137.77,GBP,settled
T001435,2026-03-10,M014,371.07,EUR,settled
T001436,2026-03-10,M029,413.01,NOK,pending
T001437,2026-03-10,M002,160.81,EUR,settled
T001438,2026-03-10,M019,130.81,NOK,settled
T001439,2026-03-10,M033,194.39,USD,settled
T001440,2026-03-10,M023,127.66,USD,settled
T001441,2026-03-10,M025,16.94,GBP,settled
T001442,2026-03-10,M032,101.51,EUR,settled
T001443,2026-03-10,M015,273.75,GBP,settled
T001444,2026-03-10,M010,156.06,EUR,settled
T001445,2026-03-10,M016,45.95,EUR,settled
T001446,2026-03-10,M033,53.52,USD,settled
T001447,2026-03-10,M027,13.41,SEK,settled
T001448,2026-03-10,M005,612.50,GBP,settled
T001449,2026-03-10,M036,147.30,EUR,settled
T001450,2026-03-10,M008,126.80,EUR,settled
T001450,2026-03-10,M008,126.80,EUR,settled
T001451,2026-03-10,M039,286.62,NOK,settled
T001452,2026-03-10,M023,310.60,USD,settled
T001453,2026-03-10,M038,27.74,EUR,failed
T001454,2026-03-10,M022,402.12,EUR,settled
T001455,2026-03-10,M025,248.16,GBP,pending
T001456,2026-03-10,M010,56.65,EUR,failed
T001457,2026-03-10,M006,96.52,EUR,settled
T001457,2026-03-10,M006,96.52,EUR,settled
T001458,2026-03-10,M007,176.07,SEK,settled
T001459,2026-03-10,M034,58.82,EUR,settled
T001460,2026-03-10,M008,205.31,EUR,settled
T001461,2026-03-10,M004,21.35,EUR,settled
T001461,2026-03-10,M004,21.35,EUR,settled
T001462,2026-03-10,M003,24.04,USD,settled
T001463,2026-03-10,M040,79.57,EUR,settled
T001464,2026-03-10,M008,2290.52,EUR,settled
T001465,2026-03-10,M016,39.41,EUR,settled
T001466,2026-03-10,M023,77.92,USD,settled
T001467,2026-03-10,M036,266.54,EUR,settled
T001468,2026-03-10,M024,65.66,EUR,settled
T001469,2026-03-10,M020,113.06,EUR,settled
T001470,2026-03-10,M008,80.53,EUR,settled
T001471,2026-03-10,M012,1441.83,EUR,settled
T001472,2026-03-10,M028,96.48,EUR,settled
T001473,2026-03-10,M008,72.51,EUR,settled
T001474,2026-03-10,M021,24.17,EUR,settled
T001475,2026-03-10,M004,348.12,EUR,settled
T001476,2026-03-10,M006,95.68,EUR,settled
T001477,2026-03-10,M032,110.54,EUR,settled
T001478,2026-03-10,M023,117.47,USD,settled
T001479,2026-03-10,M030,690.39,EUR,settled
T001480,2026-03-10,M034,117.02,EUR,settled
T001481,2026-03-10,M016,103.94,EUR,settled
T001482,2026-03-10,M037,7.01,SEK,failed
T001483,2026-03-10,M038,17.66,EUR,settled
T001484,2026-03-10,M029,634.79,NOK,pending
T001485,2026-03-10,M028,37.53,EUR,failed
T001486,2026-03-10,M023,1020.55,USD,settled
T001487,2026-03-10,M022,58.84,EUR,pending
T001488,2026-03-10,M021,515.40,EUR,settled
T001489,2026-03-10,M011,93.71,EUR,settled
T001490,2026-03-10,M005,125.47,GBP,settled
T001491,2026-03-10,M004,94.38,EUR,settled
T001492,2026-03-10,M026,96.14,EUR,settled
T001493,2026-03-10,M021,9349.67,EUR,pending
T001494,2026-03-10,M006,34.89,EUR,settled
T001495,2026-03-10,M014,382.16,EUR,settled
T001496,2026-03-10,M011,429.82,EUR,settled
T001497,2026-03-10,M012,715.16,EUR,settled
T001498,2026-03-10,M035,193.80,GBP,failed
T001499,2026-03-10,M006,-985.19,EUR,settled
T001500,2026-03-10,M001,224.64,EUR,settled
T001501,2026-03-10,M031,24.78,EUR,settled
T001502,2026-03-10,M026,75.63,EUR,pending
T001503,2026-03-10,M009,73.44,NOK,settled
T001504,2026-03-10,M008,17.34,EUR,settled
T001505,2026-03-10,M011,126.26,EUR,settled
T001506,2026-03-10,M002,3097.80,EUR,settled
T001507,2026-03-10,M004,315.51,EUR,pending
T001508,2026-03-10,M004,45.43,EUR,settled
T001509,2026-03-10,M039,122.91,NOK,pending
T001510,2026-03-10,M036,34.95,EUR,settled
T001511,2026-03-10,M010,231.80,EUR,settled
T001512,2026-03-10,M035,552.16,GBP,settled
T001513,2026-03-10,M023,606.78,USD,settled
T001514,2026-03-10,M003,100.69,USD,settled
T001515,2026-03-10,M002,337.67,EUR,settled
T001516,2026-03-10,M016,14.57,EUR,failed
T001517,2026-03-10,M023,121.49,USD,settled
T001518,2026-03-10,M019,2.23,NOK,pending
T001519,2026-03-10,M012,190.74,EUR,settled
T001520,2026-03-10,M013,381.28,USD,settled
T001521,2026-03-10,M009,277.36,NOK,settled
T001522,2026-03-10,M040,72.35,EUR,settled
T001523,2026-03-10,M007,-180.64,SEK,settled
T001524,2026-03-10,M034,206.77,EUR,settled
T001525,2026-03-10,M004,4417.30,EUR,settled
T001526,2026-03-10,M032,383.66,EUR,settled
T001527,2026-03-10,M029,93.99,NOK,settled
T001528,2026-03-10,M022,1.34,EUR,settled
T001529,2026-03-10,M005,498.59,GBP,settled
T001530,2026-03-10,M007,73.11,SEK,settled
T001531,2026-03-10,M012,572.56,EUR,settled
T001532,2026-03-10,M039,18.72,NOK,settled
T001533,2026-03-10,M010,1059.06,EUR,settled
T001534,2026-03-10,M006,182.96,EUR,settled
T001535,2026-03-10,M030,381.74,EUR,settled
T001536,2026-03-10,M022,17.43,EUR,settled
T001537,2026-03-10,M013,-62.61,USD,settled
T001538,2026-03-10,M017,97.21,SEK,settled
T001539,2026-03-10,M028,7.28,EUR,settled
T001540,2026-03-10,M019,201.46,NOK,settled
T001541,2026-03-10,M017,235.92,SEK,settled
T001542,2026-03-10,M008,812.07,EUR,settled
T001543,2026-03-10,M003,101.17,USD,settled
T001544,2026-03-10,M005,31.33,GBP,settled
T001545,2026-03-10,M010,118.97,EUR,settled
T001546,2026-03-10,M035,74.55,GBP,pending
T001546,2026-03-10,M035,74.55,GBP,pending
T001547,2026-03-10,M038,1583.93,EUR,settled
T001548,2026-03-10,M032,25.85,EUR,pending
T001549,2026-03-10,M038,143.17,EUR,settled
T001550,2026-03-10,M029,14.59,NOK,settled
T001551,2026-03-10,M001,69.88,EUR,settled
T001552,2026-03-10,M014,431.86,EUR,settled
T001553,2026-03-10,M024,44.98,EUR,settled
T001554,2026-03-10,M013,125.21,USD,settled
T001555,2026-03-10,M033,573.56,USD,settled
T001556,2026-03-10,M036,662.08,EUR,settled
T001557,2026-03-10,M017,12.38,SEK,settled
T001558,2026-03-10,M010,80.00,EUR,settled
T001559,2026-03-10,M011,472.44,EUR,pending
T001560,2026-03-10,M004,73.59,EUR,settled
T001561,2026-03-10,M033,11.23,USD,failed
T001562,2026-03-10,M018,77.30,EUR,settled
T001563,2026-03-10,M013,335.93,USD,settled
T001564,2026-03-10,M005,164.58,GBP,settled
T001565,2026-03-10,M038,330.04,EUR,settled
T001566,2026-03-10,M009,31.37,NOK,settled
T001567,2026-03-10,M010,95.66,EUR,settled
T001568,2026-03-10,M018,77.42,EUR,pending
T001569,2026-03-10,M010,2488.27,EUR,settled
T001570,2026-03-10,M037,631.69,SEK,settled
T001571,2026-03-10,M022,117.20,EUR,settled
T001572,2026-03-10,M020,75.82,EUR,settled
T001573,2026-03-10,M011,726.06,EUR,settled
T001574,2026-03-10,M036,40.62,EUR,settled
T001574,2026-03-10,M036,40.62,EUR,settled
T001575,2026-03-10,M037,243.35,SEK,settled
T001576,2026-03-10,M026,38.92,EUR,settled
T001577,2026-03-11,M036,6618.05,EUR,settled
T001578,2026-03-11,M023,2237.07,USD,settled
T001579,2026-03-11,M035,36.32,GBP,settled
T001580,2026-03-11,M011,458.41,EUR,settled
T001581,2026-03-11,M009,43.99,NOK,settled
T001582,2026-03-11,M027,110.65,SEK,settled
T001583,2026-03-11,M019,390.92,NOK,settled
T001584,2026-03-11,M026,197.91,EUR,pending
T001585,2026-03-11,M014,78.51,EUR,settled
T001585,2026-03-11,M014,78.51,EUR,settled
T001586,2026-03-11,M020,132.22,EUR,settled
T001587,2026-03-11,M034,21.67,EUR,settled
T001588,2026-03-11,M002,870.95,EUR,settled
T001589,2026-03-11,M018,6196.22,EUR,settled
T001590,2026-03-11,M024,183.76,EUR,settled
T001591,2026-03-11,M003,483.42,USD,settled
T001592,2026-03-11,M016,214.68,EUR,settled
T001593,2026-03-11,M019,137.89,NOK,settled
T001594,2026-03-11,M019,31.47,NOK,settled
T001595,2026-03-11,M034,666.70,EUR,settled
T001596,2026-03-11,M039,688.64,NOK,settled
T001597,2026-03-11,M024,162.78,EUR,settled
T001598,2026-03-11,M013,143.80,USD,settled
T001599,2026-03-11,M007,2559.61,SEK,pending
T001600,2026-03-11,M040,456.51,EUR,settled
T001601,2026-03-11,M037,676.85,SEK,settled
T001602,2026-03-11,M001,7.16,EUR,settled
T001603,2026-03-11,M017,143.87,SEK,settled
T001604,2026-03-11,M023,-146.97,USD,settled
T001605,2026-03-11,M035,251.67,GBP,settled
T001606,2026-03-11,M031,912.01,EUR,settled
T001607,2026-03-11,M007,510.70,SEK,settled
T001608,2026-03-11,M027,81.57,SEK,settled
T001609,2026-03-11,M035,106.18,GBP,settled
T001610,2026-03-11,M001,1153.03,EUR,settled
T001611,2026-03-11,M037,1099.69,SEK,settled
T001612,2026-03-11,M001,41.06,EUR,settled
T001613,2026-03-11,M007,31.04,SEK,pending
T001614,2026-03-11,M016,530.36,EUR,settled
T001615,2026-03-11,M032,140.02,EUR,settled
T001616,2026-03-11,M013,141.20,USD,settled
T001617,2026-03-11,M028,23.56,EUR,settled
T001618,2026-03-11,M014,205.97,EUR,settled
T001619,2026-03-11,M015,64.92,GBP,settled
T001620,2026-03-11,M001,191.35,EUR,settled
T001621,2026-03-11,M022,4.28,EUR,settled
T001622,2026-03-11,M026,3427.47,EUR,settled
T001623,2026-03-11,M038,2222.46,EUR,settled
T001624,2026-03-11,M020,302.43,EUR,settled
T001625,2026-03-11,M034,232.30,EUR,settled
T001626,2026-03-11,M030,32.06,EUR,settled
T001627,2026-03-11,M006,287.36,EUR,settled
T001628,2026-03-11,M009,319.72,NOK,settled
T001629,2026-03-11,M022,64.08,EUR,settled
T001630,2026-03-11,M026,51.69,EUR,failed
T001631,2026-03-11,M039,35.15,NOK,settled
T001632,2026-03-11,M033,1885.66,USD,settled
T001633,2026-03-11,M025,182.53,GBP,settled
T001634,2026-03-11,M033,107.76,USD,settled
T001635,2026-03-11,M033,67.68,USD,settled
T001636,2026-03-11,M020,584.37,EUR,pending
T001637,2026-03-11,M033,28.58,USD,failed
T001638,2026-03-11,M031,25.87,EUR,failed
T001639,2026-03-11,M016,68.45,EUR,settled
T001640,2026-03-11,M005,58.99,GBP,settled
T001641,2026-03-11,M040,821.48,EUR,pending
T001642,2026-03-11,M025,806.81,GBP,settled
T001643,2026-03-11,M026,374.14,EUR,settled
T001643,2026-03-11,M026,374.14,EUR,settled
T001644,2026-03-11,M017,114.48,SEK,settled
T001645,2026-03-11,M031,130.10,EUR,pending
T001646,2026-03-11,M011,573.37,EUR,pending
T001647,2026-03-11,M037,8.67,SEK,settled
T001648,2026-03-11,M017,2840.62,SEK,settled
T001649,2026-03-11,M020,48.63,EUR,settled
T001650,2026-03-11,M032,66.54,EUR,settled
T001651,2026-03-11,M010,354.68,EUR,settled
T001652,2026-03-11,M023,286.53,USD,settled
T001653,2026-03-11,M007,3174.68,SEK,settled
T001654,2026-03-11,M033,260.42,USD,pending
T001655,2026-03-11,M019,126.91,NOK,settled
T001656,2026-03-11,M026,115.31,EUR,settled
T001657,2026-03-11,M014,133.50,EUR,settled
T001658,2026-03-11,M009,524.78,NOK,settled
T001659,2026-03-11,M035,171.50,GBP,settled
T001660,2026-03-11,M029,454.86,NOK,settled
T001661,2026-03-11,M004,70.47,EUR,settled
T001662,2026-03-11,M040,20.83,EUR,settled
T001663,2026-03-11,M037,151.90,SEK,settled
T001664,2026-03-11,M011,-32.48,EUR,settled
T001665,2026-03-11,M026,19.95,EUR,settled
T001666,2026-03-11,M024,298.20,EUR,pending
T001667,2026-03-11,M030,809.86,EUR,settled
T001668,2026-03-11,M009,299.81,NOK,settled
T001669,2026-03-11,M026,320.79,EUR,settled
T001670,2026-03-11,M032,77.78,EUR,settled
T001671,2026-03-11,M030,91.55,EUR,settled
T001672,2026-03-11,M010,50.45,EUR,settled
T001673,2026-03-11,M019,136.30,NOK,settled
T001674,2026-03-11,M017,9.28,SEK,settled
T001675,2026-03-11,M018,408.83,EUR,settled
T001676,2026-03-11,M022,142.00,EUR,settled
T001677,2026-03-11,M031,132.60,EUR,settled
T001678,2026-03-11,M015,707.11,GBP,settled
T001679,2026-03-11,M021,239.58,EUR,settled
T001680,2026-03-11,M030,383.31,EUR,settled
T001681,2026-03-11,M005,1134.86,GBP,settled
T001682,2026-03-11,M034,714.43,EUR,pending
T001683,2026-03-11,M021,172.54,EUR,settled
T001684,2026-03-11,M037,55.70,SEK,settled
T001685,2026-03-11,M031,522.93,EUR,pending
T001686,2026-03-11,M039,40.59,NOK,settled
T001687,2026-03-11,M032,328.77,EUR,settled
T001688,2026-03-11,M019,390.86,NOK,settled
T001689,2026-03-11,M026,100.63,EUR,settled
T001690,2026-03-11,M037,28.77,SEK,settled
T001691,2026-03-11,M004,81.81,EUR,settled
T001692,2026-03-11,M026,32.79,EUR,settled
T001693,2026-03-11,M040,74.10,EUR,settled
T001694,2026-03-11,M040,35.82,EUR,settled
T001695,2026-03-11,M022,96.00,EUR,failed
T001696,2026-03-11,M034,250.85,EUR,pending
T001697,2026-03-11,M017,792.79,SEK,settled
T001698,2026-03-11,M002,136.07,EUR,settled
T001699,2026-03-11,M024,31.24,EUR,failed
T001700,2026-03-11,M033,251.52,USD,settled
T001701,2026-03-11,M024,189.97,EUR,settled
T001702,2026-03-11,M005,53.12,GBP,settled
T001703,2026-03-11,M025,467.14,GBP,settled
T001704,2026-03-11,M013,2.12,USD,settled
T001705,2026-03-11,M014,431.20,EUR,settled
T001706,2026-03-11,M035,16.20,GBP,settled
T001707,2026-03-11,M023,664.91,USD,pending
T001708,2026-03-11,M032,483.51,EUR,settled
T001709,2026-03-11,M005,166.77,GBP,settled
T001710,2026-03-11,M012,16.36,EUR,settled
T001711,2026-03-11,M005,406.56,GBP,settled
T001712,2026-03-11,M004,88.55,EUR,pending
T001713,2026-03-11,M002,2.04,EUR,settled
T001714,2026-03-11,M002,433.90,EUR,settled
T001715,2026-03-11,M015,52.93,GBP,settled
T001716,2026-03-11,M032,33.99,EUR,pending
T001717,2026-03-11,M029,33.27,NOK,settled
T001718,2026-03-11,M004,38.60,EUR,settled
T001719,2026-03-11,M006,53.04,EUR,settled
T001720,2026-03-11,M027,46.57,SEK,settled
T001721,2026-03-11,M019,40.30,NOK,settled
T001722,2026-03-11,M017,7.87,SEK,pending
T001723,2026-03-11,M022,174.18,EUR,settled
T001724,2026-03-11,M023,94.16,USD,settled
T001725,2026-03-11,M008,19.93,EUR,settled
T001726,2026-03-11,M003,591.60,USD,settled
T001727,2026-03-11,M024,98.40,EUR,settled
T001728,2026-03-11,M013,113.60,USD,failed
T001729,2026-03-11,M019,286.11,NOK,settled
T001730,2026-03-11,M022,1957.81,EUR,settled
T001731,2026-03-11,M036,856.05,EUR,settled
T001732,2026-03-11,M008,134.79,EUR,settled
T001733,2026-03-11,M026,15.24,EUR,settled
T001734,2026-03-11,M034,357.64,EUR,settled
T001735,2026-03-11,M028,21.33,EUR,settled
T001736,2026-03-11,M019,842.79,NOK,settled
T001737,2026-03-11,M005,687.21,GBP,settled
T001738,2026-03-11,M035,43.83,GBP,settled
T001739,2026-03-11,M002,33.38,EUR,settled
T001740,2026-03-11,M030,130.90,EUR,settled
T001741,2026-03-11,M039,17.90,NOK,settled
T001742,2026-03-11,M027,168.65,SEK,settled
T001743,2026-03-11,M033,26.16,USD,settled
T001744,2026-03-11,M016,10.12,EUR,settled
T001745,2026-03-11,M024,299.53,EUR,settled
T001746,2026-03-11,M037,491.31,SEK,settled
T001747,2026-03-11,M020,17.06,EUR,settled
T001748,2026-03-11,M016,60.60,EUR,settled
T001749,2026-03-11,M028,45.37,EUR,settled
T001750,2026-03-11,M008,840.98,EUR,settled
T001751,2026-03-11,M023,101.06,USD,failed
T001752,2026-03-11,M025,26.64,GBP,settled
T001753,2026-03-11,M001,501.22,EUR,settled
T001754,2026-03-11,M036,13.46,EUR,settled
T001755,2026-03-11,M010,83.85,EUR,settled
T001756,2026-03-11,M006,4458.25,EUR,settled
T001757,2026-03-11,M026,11.32,EUR,settled
T001758,2026-03-12,M024,126.62,EUR,settled
T001759,2026-03-12,M027,239.27,SEK,pending
T001760,2026-03-12,M008,380.28,EUR,settled
T001761,2026-03-12,M005,24.04,GBP,settled
T001762,2026-03-12,M034,25.74,EUR,settled
T001763,2026-03-12,M021,260.19,EUR,settled
T001763,2026-03-12,M021,260.19,EUR,settled
T001764,2026-03-12,M029,328.77,NOK,settled
T001765,2026-03-12,M013,39.12,USD,settled
T001766,2026-03-12,M034,306.21,EUR,settled
T001767,2026-03-12,M001,44.31,EUR,pending
T001768,2026-03-12,M031,27.27,EUR,settled
T001769,2026-03-12,M018,3.97,EUR,settled
T001770,2026-03-12,M037,60.68,SEK,settled
T001771,2026-03-12,M020,153.01,EUR,settled
T001772,2026-03-12,M024,73.93,EUR,settled
T001773,2026-03-12,M024,1005.80,EUR,settled
T001774,2026-03-12,M027,756.12,SEK,pending
T001775,2026-03-12,M009,34.49,NOK,settled
T001776,2026-03-12,M036,435.67,EUR,settled
T001777,2026-03-12,M030,31.30,EUR,settled
T001778,2026-03-12,M018,117.92,EUR,settled
T001779,2026-03-12,M014,460.03,EUR,settled
T001780,2026-03-12,M014,12.55,EUR,settled
T001781,2026-03-12,M036,23.97,EUR,pending
T001782,2026-03-12,M007,50.42,SEK,settled
T001783,2026-03-12,M013,25.59,USD,settled
T001784,2026-03-12,M016,592.50,EUR,settled
T001785,2026-03-12,M027,153.07,SEK,settled
T001786,2026-03-12,M040,539.47,EUR,settled
T001787,2026-03-12,M027,54.90,SEK,settled
T001788,2026-03-12,M033,247.49,USD,settled
T001789,2026-03-12,M006,16.84,EUR,settled
T001790,2026-03-12,M040,31.42,EUR,settled
T001791,2026-03-12,M033,146.99,USD,settled
T001792,2026-03-12,M020,1506.16,EUR,settled
T001793,2026-03-12,M002,943.30,EUR,failed
T001794,2026-03-12,M020,147.80,EUR,settled
T001795,2026-03-12,M036,33.36,EUR,pending
T001796,2026-03-12,M027,613.57,SEK,settled
T001797,2026-03-12,M014,214.40,EUR,settled
T001798,2026-03-12,M040,75.83,EUR,settled
T001799,2026-03-12,M014,776.96,EUR,settled
T001800,2026-03-12,M002,1337.89,EUR,settled
T001801,2026-03-12,M034,88.40,EUR,settled
T001802,2026-03-12,M039,79.27,NOK,settled
T001803,2026-03-12,M038,266.58,EUR,settled
T001804,2026-03-12,M040,200.58,EUR,settled
T001805,2026-03-12,M023,1033.58,USD,settled
T001806,2026-03-12,M014,451.84,EUR,settled
T001807,2026-03-12,M015,1723.37,GBP,settled
T001808,2026-03-12,M031,159.23,EUR,settled
T001809,2026-03-12,M027,74.68,SEK,settled
T001810,2026-03-12,M010,516.59,EUR,settled
T001811,2026-03-12,M008,1037.10,EUR,failed
T001812,2026-03-12,M020,18.47,EUR,settled
T001813,2026-03-12,M024,1936.72,EUR,settled
T001814,2026-03-12,M031,1160.70,EUR,settled
T001815,2026-03-12,M004,140.51,EUR,settled
T001816,2026-03-12,M026,94.48,EUR,settled
T001817,2026-03-12,M027,93.01,SEK,settled
T001818,2026-03-12,M011,63.85,EUR,settled
T001819,2026-03-12,M019,133.70,NOK,settled
T001820,2026-03-12,M004,187.92,EUR,settled
T001821,2026-03-12,M009,-227.73,NOK,settled
T001822,2026-03-12,M005,170.39,GBP,settled
T001823,2026-03-12,M030,170.82,EUR,settled
T001824,2026-03-12,M023,7.15,USD,settled
T001825,2026-03-12,M007,15.79,SEK,settled
T001826,2026-03-12,M023,45.61,USD,failed
T001827,2026-03-12,M022,73.93,EUR,settled
T001828,2026-03-12,M022,2292.34,EUR,settled
T001829,2026-03-12,M002,80.88,EUR,failed
T001830,2026-03-12,M038,560.94,EUR,settled
T001831,2026-03-12,M005,44.29,GBP,settled
T001832,2026-03-12,M005,225.57,GBP,pending
T001833,2026-03-12,M011,26.32,EUR,settled
T001834,2026-03-12,M008,36.63,EUR,settled
T001835,2026-03-12,M007,14.24,SEK,settled
T001836,2026-03-12,M034,136.84,EUR,settled
T001837,2026-03-12,M004,33.44,EUR,settled
T001838,2026-03-12,M022,19.77,EUR,pending
T001839,2026-03-12,M019,86.42,NOK,settled
T001840,2026-03-12,M002,1300.79,EUR,settled
T001841,2026-03-12,M035,20.04,GBP,settled
T001842,2026-03-12,M002,81.10,EUR,settled
T001843,2026-03-12,M008,37.62,EUR,settled
T001844,2026-03-12,M037,128.78,SEK,settled
T001845,2026-03-12,M004,73.28,EUR,settled
T001846,2026-03-12,M011,444.29,EUR,settled
T001847,2026-03-12,M007,90.01,SEK,settled
T001848,2026-03-12,M028,86.29,EUR,settled
T001849,2026-03-12,M012,392.37,EUR,pending
T001850,2026-03-12,M011,129.28,EUR,settled
T001851,2026-03-12,M009,400.99,NOK,failed
T001852,2026-03-12,M036,45.46,EUR,settled
T001853,2026-03-12,M021,244.48,EUR,settled
T001854,2026-03-12,M031,503.67,EUR,settled
T001855,2026-03-12,M001,157.83,EUR,settled
T001856,2026-03-12,M030,44.30,EUR,settled
T001857,2026-03-12,M040,50.80,EUR,settled
T001858,2026-03-12,M033,244.38,USD,settled
T001859,2026-03-12,M007,-643.46,SEK,failed
T001860,2026-03-12,M025,98.84,GBP,settled
T001861,2026-03-12,M002,17.58,EUR,settled
T001862,2026-03-12,M016,119.04,EUR,settled
T001863,2026-03-12,M018,328.07,EUR,pending
T001864,2026-03-12,M012,59.17,EUR,settled
T001865,2026-03-12,M006,3.61,EUR,settled
T001866,2026-03-12,M003,324.15,USD,settled
T001867,2026-03-12,M022,890.80,EUR,settled
T001868,2026-03-12,M039,435.91,NOK,settled
T001869,2026-03-12,M010,208.43,EUR,settled
T001870,2026-03-12,M039,95.11,NOK,settled
T001871,2026-03-12,M019,18.29,NOK,settled
T001872,2026-03-12,M010,120.16,EUR,settled
T001873,2026-03-12,M002,58.44,EUR,failed
T001874,2026-03-12,M018,3.96,EUR,failed
T001875,2026-03-12,M032,1204.58,EUR,settled
T001876,2026-03-12,M040,113.95,EUR,settled
T001877,2026-03-12,M006,184.49,EUR,settled
T001878,2026-03-12,M040,77.67,EUR,settled
T001879,2026-03-12,M033,25.67,USD,settled
T001880,2026-03-12,M030,12.10,EUR,settled
T001881,2026-03-12,M024,124.86,EUR,settled
T001882,2026-03-12,M001,282.91,EUR,settled
T001883,2026-03-12,M026,120.73,EUR,settled
T001884,2026-03-12,M036,27.53,EUR,settled
T001885,2026-03-12,M017,216.23,SEK,settled
T001886,2026-03-12,M007,175.02,SEK,settled
T001887,2026-03-12,M004,7.00,EUR,settled
T001888,2026-03-12,M040,29.40,EUR,settled
T001889,2026-03-12,M018,88.83,EUR,settled
T001890,2026-03-12,M014,514.12,EUR,settled
T001891,2026-03-12,M002,27.14,EUR,settled
T001892,2026-03-12,M008,77.18,EUR,pending
T001892,2026-03-12,M008,77.18,EUR,pending
T001893,2026-03-12,M002,187.95,EUR,failed
T001894,2026-03-12,M033,31.76,USD,settled
T001895,2026-03-12,M001,256.53,EUR,settled
T001896,2026-03-12,M033,17.49,USD,settled
T001897,2026-03-12,M022,-461.37,EUR,settled
T001898,2026-03-12,M022,64.26,EUR,settled
T001899,2026-03-12,M015,33.25,GBP,settled
T001900,2026-03-12,M037,32.80,SEK,settled
T001901,2026-03-12,M038,90.62,EUR,settled
T001902,2026-03-12,M035,753.44,GBP,settled
T001903,2026-03-12,M032,9.37,EUR,settled
T001904,2026-03-12,M011,17.88,EUR,settled
T001905,2026-03-12,M013,34.02,USD,settled
T001906,2026-03-12,M017,157.45,SEK,settled
T001907,2026-03-12,M028,334.11,EUR,settled
T001908,2026-03-12,M040,216.56,EUR,failed
T001909,2026-03-12,M027,889.76,SEK,settled
T001910,2026-03-12,M004,131.47,EUR,settled
T001911,2026-03-12,M002,91.43,EUR,settled
T001912,2026-03-12,M001,71.48,EUR,settled
T001913,2026-03-12,M036,80.81,EUR,settled
T001914,2026-03-12,M019,166.08,NOK,settled
T001915,2026-03-12,M036,23.98,EUR,settled
T001916,2026-03-12,M017,124.33,SEK,settled
T001917,2026-03-12,M009,172.28,NOK,settled
T001918,2026-03-12,M008,11330.51,EUR,settled
T001919,2026-03-12,M011,115.28,EUR,settled
T001920,2026-03-12,M019,39.67,NOK,settled
T001921,2026-03-12,M001,52.49,EUR,settled
T001922,2026-03-12,M033,18.10,USD,settled
T001923,2026-03-12,M037,122.19,SEK,settled
T001924,2026-03-12,M037,72.62,SEK,settled
T001925,2026-03-12,M003,33.70,USD,settled
T001926,2026-03-12,M025,-154.10,GBP,settled
T001927,2026-03-12,M003,240.77,USD,pending
T001928,2026-03-12,M037,5.88,SEK,failed
T001929,2026-03-12,M033,1614.33,USD,settled
T001930,2026-03-12,M011,457.24,EUR,settled
T001931,2026-03-12,M040,222.41,EUR,settled
T001932,2026-03-13,M008,201.52,EUR,settled
T001933,2026-03-13,M012,18.88,EUR,pending
T001934,2026-03-13,M027,13.71,SEK,settled
T001935,2026-03-13,M038,193.06,EUR,settled
T001936,2026-03-13,M005,444.93,GBP,settled
T001937,2026-03-13,M010,13.40,EUR,settled
T001938,2026-03-13,M004,8.58,EUR,settled
T001939,2026-03-13,M019,52.22,NOK,failed
T001940,2026-03-13,M019,41.14,NOK,settled
T001941,2026-03-13,M011,2351.96,EUR,settled
T001942,2026-03-13,M008,122.38,EUR,settled
T001943,2026-03-13,M023,402.33,USD,settled
T001944,2026-03-13,M038,116.40,EUR,pending
T001945,2026-03-13,M037,162.80,SEK,settled
T001946,2026-03-13,M013,16.36,USD,settled
T001947,2026-03-13,M033,177.95,USD,settled
T001948,2026-03-13,M017,870.27,SEK,settled
T001949,2026-03-13,M027,368.09,SEK,settled
T001950,2026-03-13,M020,30.34,EUR,settled
T001951,2026-03-13,M003,212.89,USD,settled
T001952,2026-03-13,M025,20.42,GBP,pending
T001953,2026-03-13,M034,15.67,EUR,settled
T001954,2026-03-13,M024,325.91,EUR,settled
T001955,2026-03-13,M028,45.66,EUR,settled
T001956,2026-03-13,M026,45.50,EUR,settled
T001957,2026-03-13,M018,231.28,EUR,settled
T001958,2026-03-13,M027,79.40,SEK,settled
T001959,2026-03-13,M005,117.21,GBP,settled
T001960,2026-03-13,M004,-202.90,EUR,settled
T001961,2026-03-13,M016,8.07,EUR,settled
T001962,2026-03-13,M013,64.91,USD,settled
T001963,2026-03-13,M010,54.39,EUR,settled
T001964,2026-03-13,M011,381.44,EUR,settled
T001965,2026-03-13,M024,5.50,EUR,settled
T001966,2026-03-13,M023,209.22,USD,settled
T001966,2026-03-13,M023,209.22,USD,settled
T001967,2026-03-13,M006,13.72,EUR,settled
T001968,2026-03-13,M039,1412.91,NOK,settled
T001969,2026-03-13,M028,128.58,EUR,settled
T001969,2026-03-13,M028,128.58,EUR,settled
T001970,2026-03-13,M014,80.31,EUR,settled
T001971,2026-03-13,M020,101.51,EUR,settled
T001972,2026-03-13,M038,27.88,EUR,settled
T001973,2026-03-13,M017,8.37,SEK,pending
T001974,2026-03-13,M002,204.61,EUR,settled
T001975,2026-03-13,M036,812.44,EUR,settled
T001976,2026-03-13,M011,1236.73,EUR,settled
T001977,2026-03-13,M016,74.97,EUR,settled
T001978,2026-03-13,M028,278.58,EUR,settled
T001979,2026-03-13,M034,47.05,EUR,settled
T001980,2026-03-13,M026,57.25,EUR,settled
T001981,2026-03-13,M039,1042.26,NOK,settled
T001982,2026-03-13,M033,19.54,USD,settled
T001983,2026-03-13,M038,424.99,EUR,settled
T001984,2026-03-13,M016,629.84,EUR,settled
T001985,2026-03-13,M006,53.64,EUR,settled
T001986,2026-03-13,M017,23.21,SEK,settled
T001987,2026-03-13,M029,70.29,NOK,failed
T001988,2026-03-13,M008,267.33,EUR,settled
T001989,2026-03-13,M027,174.96,SEK,settled
T001990,2026-03-13,M007,34.37,SEK,settled
T001991,2026-03-13,M018,482.12,EUR,pending
T001992,2026-03-13,M027,290.84,SEK,settled
T001993,2026-03-13,M035,574.84,GBP,settled
T001994,2026-03-13,M026,-59.46,EUR,settled
T001995,2026-03-13,M002,48.72,EUR,settled
T001996,2026-03-13,M037,300.69,SEK,settled
T001997,2026-03-13,M040,298.31,EUR,settled
T001998,2026-03-13,M028,178.59,EUR,settled
T001999,2026-03-13,M026,300.64,EUR,pending
T002000,2026-03-13,M020,231.75,EUR,settled
T002001,2026-03-13,M031,3.36,EUR,pending
T002002,2026-03-13,M024,9740.02,EUR,settled
T002003,2026-03-13,M001,1098.60,EUR,settled
T002004,2026-03-13,M036,196.33,EUR,settled
T002005,2026-03-13,M010,54.87,EUR,settled
T002006,2026-03-13,M022,567.68,EUR,settled
T002007,2026-03-13,M007,183.21,SEK,settled
T002008,2026-03-13,M014,5.29,EUR,settled
T002009,2026-03-13,M023,-118.76,USD,settled
T002010,2026-03-13,M021,140.40,EUR,pending
T002011,2026-03-13,M009,274.17,NOK,settled
T002012,2026-03-13,M003,566.24,USD,pending
T002013,2026-03-13,M038,52.56,EUR,settled
T002014,2026-03-13,M010,129.78,EUR,settled
T002015,2026-03-13,M030,210.71,EUR,failed
T002016,2026-03-13,M007,11.76,SEK,settled
T002017,2026-03-13,M006,-145.11,EUR,settled
T002018,2026-03-13,M006,41.36,EUR,settled
T002019,2026-03-13,M017,118.18,SEK,settled
T002020,2026-03-13,M028,121.62,EUR,settled
T002021,2026-03-13,M039,167.05,NOK,settled
T002022,2026-03-13,M017,252.48,SEK,pending
T002023,2026-03-13,M037,111.88,SEK,settled
T002024,2026-03-13,M009,429.73,NOK,settled
T002025,2026-03-13,M037,26.18,SEK,settled
T002026,2026-03-13,M024,662.06,EUR,settled
T002027,2026-03-13,M023,452.39,USD,settled
T002028,2026-03-13,M007,31.98,SEK,settled
T002029,2026-03-13,M040,-120.47,EUR,pending
T002030,2026-03-13,M007,300.79,SEK,settled
T002031,2026-03-13,M016,229.76,EUR,settled
T002032,2026-03-13,M018,24.91,EUR,pending
T002033,2026-03-13,M008,547.17,EUR,settled
T002034,2026-03-13,M012,48.24,EUR,settled
T002034,2026-03-13,M012,48.24,EUR,settled
T002035,2026-03-13,M013,21.62,USD,settled
T002036,2026-03-13,M014,6.88,EUR,settled
T002037,2026-03-13,M001,2616.08,EUR,settled
T002038,2026-03-13,M040,215.86,EUR,settled
T002039,2026-03-13,M021,84.22,EUR,settled
T002040,2026-03-13,M040,944.77,EUR,settled
T002041,2026-03-13,M039,74.96,NOK,settled
T002042,2026-03-13,M022,119.63,EUR,settled
T002043,2026-03-13,M033,196.84,USD,settled
T002044,2026-03-13,M027,278.53,SEK,pending
T002045,2026-03-13,M033,15.56,USD,settled
T002046,2026-03-13,M035,58.16,GBP,settled
T002047,2026-03-13,M031,16.02,EUR,settled
T002048,2026-03-13,M018,317.99,EUR,settled
T002049,2026-03-13,M037,27.95,SEK,settled
T002050,2026-03-13,M005,196.06,GBP,pending
T002051,2026-03-13,M009,35.21,NOK,settled
T002052,2026-03-13,M025,739.69,GBP,settled
T002053,2026-03-13,M017,104.07,SEK,settled
T002054,2026-03-13,M034,46.69,EUR,pending
T002055,2026-03-13,M001,90.18,EUR,settled
T002056,2026-03-13,M012,158.80,EUR,settled
T002057,2026-03-13,M020,61.93,EUR,settled
T002058,2026-03-13,M035,5903.57,GBP,settled
T002059,2026-03-13,M035,22.69,GBP,settled
T002060,2026-03-13,M013,34.50,USD,settled
T002061,2026-03-13,M005,3266.60,GBP,settled
T002062,2026-03-13,M011,8.37,EUR,settled
T002063,2026-03-13,M008,177.89,EUR,settled
T002064,2026-03-13,M020,249.86,EUR,settled
T002065,2026-03-13,M036,42.96,EUR,settled
T002066,2026-03-13,M024,1391.24,EUR,pending
T002067,2026-03-13,M037,134.04,SEK,failed
T002068,2026-03-13,M039,18.91,NOK,settled
T002069,2026-03-13,M036,243.82,EUR,settled
T002070,2026-03-13,M037,475.09,SEK,pending
T002071,2026-03-13,M040,290.14,EUR,settled
T002072,2026-03-13,M010,49.32,EUR,pending
T002073,2026-03-13,M038,78.08,EUR,settled
T002074,2026-03-13,M003,238.33,USD,settled
T002075,2026-03-13,M017,13.64,SEK,settled
T002076,2026-03-13,M025,10.06,GBP,settled
T002077,2026-03-13,M015,71.57,GBP,settled
T002078,2026-03-13,M021,80.34,EUR,settled
T002079,2026-03-13,M040,88.34,EUR,settled
T002080,2026-03-13,M017,75.29,SEK,settled
T002081,2026-03-13,M012,181.67,EUR,pending
T002082,2026-03-13,M019,22.59,NOK,settled
T002083,2026-03-13,M007,13404.43,SEK,settled
T002084,2026-03-13,M027,334.03,SEK,settled
T002085,2026-03-13,M003,56.44,USD,settled
T002085,2026-03-13,M003,56.44,USD,settled
T002086,2026-03-13,M012,1778.64,EUR,settled
T002087,2026-03-13,M004,294.64,EUR,settled
T002088,2026-03-13,M040,23.96,EUR,settled
T002089,2026-03-13,M023,27.80,USD,settled
T002090,2026-03-13,M023,96.71,USD,settled
T002091,2026-03-13,M034,296.18,EUR,settled
T002092,2026-03-13,M036,26.46,EUR,settled
T002092,2026-03-13,M036,26.46,EUR,settled
T002093,2026-03-13,M023,593.79,USD,settled
T002094,2026-03-13,M029,21.53,NOK,settled
T002095,2026-03-13,M003,277.58,USD,settled
T002096,2026-03-13,M038,159.40,EUR,pending
T002097,2026-03-13,M004,172.07,EUR,settled
T002098,2026-03-13,M015,63.17,GBP,settled
T002099,2026-03-13,M026,127.15,EUR,settled
T002100,2026-03-13,M019,75.08,NOK,settled
T002101,2026-03-13,M037,654.35,SEK,settled
T002102,2026-03-13,M028,130.09,EUR,failed
T002103,2026-03-13,M024,96.57,EUR,settled
T002104,2026-03-13,M002,16.61,EUR,settled
T002105,2026-03-13,M015,397.02,GBP,settled
T002106,2026-03-13,M029,56.46,NOK,pending
T002107,2026-03-13,M019,113.77,NOK,settled
T002108,2026-03-13,M034,214.07,EUR,settled
T002109,2026-03-13,M035,-57.90,GBP,settled
T002110,2026-03-13,M020,1322.01,EUR,settled
T002111,2026-03-13,M006,355.38,EUR,settled
T002112,2026-03-13,M014,391.67,EUR,settled
T002113,2026-03-13,M015,115.37,GBP,settled
T002114,2026-03-13,M015,100.82,GBP,settled
T002115,2026-03-13,M036,9.12,EUR,settled
T002116,2026-03-13,M017,576.77,SEK,settled
T002117,2026-03-13,M011,106.97,EUR,failed
T002118,2026-03-13,M014,12.23,EUR,failed
T002119,2026-03-13,M028,57.47,EUR,settled
T002120,2026-03-13,M017,22.70,SEK,settled
T002121,2026-03-13,M005,5.04,GBP,pending
T002122,2026-03-13,M032,82.23,EUR,settled
T002123,2026-03-13,M008,127.46,EUR,settled
T002124,2026-03-13,M011,904.40,EUR,settled
T002125,2026-03-13,M028,861.03,EUR,settled
T002126,2026-03-13,M012,55.41,EUR,settled
T002127,2026-03-13,M011,127.41,EUR,settled
T002128,2026-03-14,M036,255.00,EUR,settled
T002129,2026-03-14,M043,263.97,EUR,settled
T002130,2026-03-14,M009,113.50,NOK,settled
T002131,2026-03-14,M042,(15.64),USD,settled
T002132,2026-03-14,M009,746.05,NOK,failed
T002133,2026-03-14,M034,36.06,EUR,settled
T002134,2026-03-14,M035,375.12,GBP,settled
T002135,2026-03-14,M056,683.36,NOK,settled
T002136,2026-03-14,M001,29.08,EUR,settled
T002137,2026-03-14,M041,361.90,EUR,settled
T002138,2026-03-14,M044,"1,538.83",NOK,settled
T002139,2026-03-14,M022,49.15,EUR,settled
T002140,2026-03-14,M007,3.53,SEK,settled
T002141,2026-03-14,M033,268.89,USD,settled
T002142,2026-03-14,M060,40.13,NOK,settled
T002143,2026-03-14,M056,"2,936.75",NOK,settled
T002144,2026-03-14,M014,397.77,EUR,settled
T002145,2026-03-14,M030,593.03,EUR,settled
T002146,2026-03-14,M046,96.43,USD,settled
T002147,2026-03-14,M056,145.73,NOK,settled
T002148,2026-03-14,M045,"1,055.51",EUR,settled
T002149,2026-03-14,M035,50.73,GBP,settled
T002150,2026-03-14,M019,36.38,NOK,settled
T002151,2026-03-14,M022,62.45,EUR,settled
T002152,2026-03-14,M010,766.03,EUR,settled
T002153,2026-03-14,M005,86.55,GBP,settled
T002154,2026-03-14,M039,32.35,NOK,failed
T002155,2026-03-14,M015,1570.95,GBP,settled
T002156,2026-03-14,M015,36.34,GBP,settled
T002157,2026-03-14,M032,51.40,EUR,pending
T002158,2026-03-14,M007,89.94,SEK,pending
T002159,2026-03-14,M041,177.61,EUR,settled
T002160,2026-03-14,M053,14.83,EUR,settled
T002161,2026-03-14,M050,526.21,USD,settled
T002162,2026-03-14,M034,30.16,EUR,settled
T002163,2026-03-14,M007,146.84,SEK,settled
T002164,2026-03-14,M047,51.75,EUR,failed
T002165,2026-03-14,M027,21.24,SEK,pending
T002166,2026-03-14,M054,468.75,USD,settled
T002167,2026-03-14,M024,394.20,EUR,pending
T002168,2026-03-14,M011,84.16,EUR,pending
T002169,2026-03-14,M057,966.39,EUR,settled
T002170,2026-03-14,M003,438.76,USD,settled
T002171,2026-03-14,M040,138.52,EUR,settled
T002172,2026-03-14,M032,124.30,EUR,settled
T002173,2026-03-14,M056,39.39,NOK,settled
T002174,2026-03-14,M001,-43.74,EUR,settled
T002175,2026-03-14,M020,20.10,EUR,settled
T002176,2026-03-14,M005,2.19,GBP,settled
T002177,2026-03-14,M045,12.30,EUR,settled
T002178,2026-03-14,M021,72.46,EUR,settled
T002179,2026-03-14,M045,703.62,EUR,settled
T002180,2026-03-14,M029,147.83,NOK,settled
T002181,2026-03-14,M018,1.86,EUR,settled
T002182,2026-03-14,M041,32.59,EUR,pending
T002183,2026-03-14,M029,947.61,NOK,settled
T002184,2026-03-14,M049,103.58,EUR,settled
T002185,2026-03-14,M014,260.66,EUR,settled
T002186,2026-03-14,M030,172.51,EUR,settled
T002187,2026-03-14,M032,109.69,EUR,settled
T002188,2026-03-14,M024,5.53,EUR,settled
T002189,2026-03-14,M019,169.92,NOK,settled
T002190,2026-03-14,M002,38.37,EUR,settled
T002191,2026-03-14,M011,312.71,EUR,settled
T002192,2026-03-14,M016,49.99,EUR,failed
T002193,2026-03-14,M026,162.51,EUR,settled
T002194,2026-03-14,M054,73.66,USD,settled
T002195,2026-03-14,M009,524.60,NOK,settled
T002196,2026-03-14,M034,-224.66,EUR,settled
T002197,2026-03-14,M017,48.69,SEK,settled
T002198,2026-03-14,M058,100.36,USD,settled
T002199,2026-03-14,M040,601.54,EUR,settled
T002200,2026-03-14,M015,102.07,GBP,settled
T002201,2026-03-14,M028,33.31,EUR,settled
T002202,2026-03-14,M041,45.82,EUR,settled
T002203,2026-03-14,M030,54.01,EUR,settled
T002204,2026-03-14,M027,115.15,SEK,settled
T002205,2026-03-14,M042,58.14,USD,settled
T002206,2026-03-14,M058,123.73,USD,settled
T002207,2026-03-14,M016,14.44,EUR,settled
T002208,2026-03-14,M032,62.66,EUR,settled
T002209,2026-03-14,M046,205.59,USD,settled
T002210,2026-03-14,M018,88.88,EUR,settled
T002211,2026-03-14,M043,56.00,EUR,pending
T002212,2026-03-14,M044,549.29,NOK,settled
T002213,2026-03-14,M018,30.45,EUR,settled
T002214,2026-03-14,M043,38.81,EUR,settled
T002215,2026-03-14,M048,354.32,NOK,settled
T002216,2026-03-14,M049,18.39,EUR,settled
T002217,2026-03-14,M031,83.97,EUR,settled
T002218,2026-03-14,M035,500.23,GBP,settled
T002219,2026-03-14,M003,-2173.33,USD,settled
T002220,2026-03-14,M031,15.20,EUR,settled
T002221,2026-03-14,M026,-47.59,EUR,settled
T002222,2026-03-14,M012,213.78,EUR,settled
T002223,2026-03-14,M055,66.85,EUR,settled
T002224,2026-03-14,M014,30.49,EUR,settled
T002225,2026-03-14,M036,890.65,EUR,settled
T002226,2026-03-14,M049,289.23,EUR,settled
T002227,2026-03-14,M054,65.71,USD,settled
T002228,2026-03-14,M032,9939.78,EUR,settled
T002229,2026-03-14,M006,60.84,EUR,settled
T002230,2026-03-14,M044,33.34,NOK,settled
T002231,2026-03-14,M026,321.43,EUR,settled
T002232,2026-03-14,M044,537.27,NOK,pending
T002233,2026-03-15,M048,93.58,NOK,settled
T002234,2026-03-15,M006,43.71,EUR,settled
T002235,2026-03-15,M045,42.30,EUR,settled
T002236,2026-03-15,M028,2.97,EUR,settled
T002237,2026-03-15,M045,22.45,EUR,settled
T002238,2026-03-15,M046,730.89,USD,settled
T002239,2026-03-15,M056,21.36,NOK,failed
T002240,2026-03-15,M006,20.15,EUR,settled
T002241,2026-03-15,M011,594.39,EUR,settled
T002242,2026-03-15,M032,89.27,EUR,settled
T002243,2026-03-15,M043,28.55,EUR,settled
T002244,2026-03-15,M004,130.17,EUR,settled
T002245,2026-03-15,M014,29.00,EUR,settled
T002246,2026-03-15,M053,12.08,EUR,settled
T002247,2026-03-15,M011,309.32,EUR,settled
T002248,2026-03-15,M050,14.97,USD,settled
T002249,2026-03-15,M020,511.48,EUR,settled
T002250,2026-03-15,M020,58.91,EUR,settled
T002251,2026-03-15,M052,55.68,NOK,settled
T002252,2026-03-15,M037,41.45,SEK,settled
T002253,2026-03-15,M055,2.76,EUR,settled
T002254,2026-03-15,M015,1475.80,GBP,settled
T002255,2026-03-15,M001,40.19,EUR,settled
T002256,2026-03-15,M003,89.67,USD,settled
T002257,2026-03-15,M023,223.90,USD,settled
T002258,2026-03-15,M058,10.42,USD,settled
T002259,2026-03-15,M054,2.02,USD,failed
T002260,2026-03-15,M024,13.49,EUR,pending
T002261,2026-03-15,M017,372.02,SEK,pending
T002262,2026-03-15,M039,122.99,NOK,failed
T002263,2026-03-15,M051,"1,310.93",EUR,settled
T002264,2026-03-15,M009,28.38,NOK,settled
T002265,2026-03-15,M057,262.23,EUR,settled
T002266,2026-03-15,M021,329.47,EUR,settled
T002267,2026-03-15,M054,"3,679.82",USD,settled
T002268,2026-03-15,M004,13.56,EUR,settled
T002269,2026-03-15,M028,-32.19,EUR,settled
T002270,2026-03-15,M011,175.11,EUR,settled
T002271,2026-03-15,M011,72.67,EUR,settled
T002272,2026-03-15,M039,46.43,NOK,settled
T002273,2026-03-15,M018,158.81,EUR,settled
T002274,2026-03-15,M035,1065.62,GBP,settled
T002275,2026-03-15,M060,464.77,NOK,settled
T002276,2026-03-15,M013,1354.13,USD,pending
T002277,2026-03-15,M013,26.31,USD,settled
T002278,2026-03-15,M037,19.71,SEK,settled
T002279,2026-03-15,M037,4.11,SEK,settled
T002280,2026-03-15,M016,126.57,EUR,settled
T002281,2026-03-15,M028,32.15,EUR,settled
T002282,2026-03-15,M040,267.05,EUR,settled
T002283,2026-03-15,M042,12.24,USD,settled
T002284,2026-03-15,M035,15.58,GBP,settled
T002285,2026-03-15,M054,222.23,USD,settled
T002286,2026-03-15,M013,33.89,USD,settled
T002287,2026-03-15,M051,"1,030.08",EUR,settled
T002288,2026-03-15,M048,(4.75),NOK,pending
T002289,2026-03-15,M048,10.58,NOK,settled
T002290,2026-03-15,M003,68.53,USD,settled
T002291,2026-03-15,M023,500.02,USD,settled
T002292,2026-03-15,M008,62.12,EUR,settled
T002293,2026-03-15,M027,27.45,SEK,failed
T002294,2026-03-15,M046,19.89,USD,failed
T002295,2026-03-15,M034,73.57,EUR,settled
T002296,2026-03-15,M004,1272.59,EUR,settled
T002297,2026-03-15,M040,158.84,EUR,settled
T002298,2026-03-15,M015,36.58,GBP,settled
T002299,2026-03-15,M056,159.20,NOK,settled
T002300,2026-03-16,M035,33.69,GBP,pending
T002301,2026-03-16,M036,126.10,EUR,settled
T002302,2026-03-16,M054,117.45,USD,settled
T002303,2026-03-16,M030,2844.80,EUR,settled
T002304,2026-03-16,M053,"1,258.11",EUR,settled
T002305,2026-03-16,M021,161.22,EUR,settled
T002306,2026-03-16,M023,815.26,USD,pending
T002307,2026-03-16,M054,26.54,USD,settled
T002308,2026-03-16,M009,63.93,NOK,settled
T002309,2026-03-16,M040,514.52,EUR,settled
T002310,2026-03-16,M014,45.70,EUR,settled
T002311,2026-03-16,M001,22.97,EUR,settled
T002312,2026-03-16,M020,47.02,EUR,settled
T002313,2026-03-16,M048,73.97,NOK,settled
T002314,2026-03-16,M056,33.64,NOK,settled
T002315,2026-03-16,M024,82.04,EUR,settled
T002316,2026-03-16,M039,56.30,NOK,settled
T002317,2026-03-16,M045,13.05,EUR,settled
T002318,2026-03-16,M008,24.05,EUR,failed
T002319,2026-03-16,M022,514.42,EUR,settled
T002320,2026-03-16,M043,26.15,EUR,settled
T002321,2026-03-16,M033,851.67,USD,settled
T002322,2026-03-16,M040,68.68,EUR,settled
T002323,2026-03-16,M043,11.35,EUR,settled
T002324,2026-03-16,M022,61.93,EUR,settled
T002325,2026-03-16,M001,294.55,EUR,settled
T002326,2026-03-16,M050,319.75,USD,settled
T002327,2026-03-16,M037,101.16,SEK,settled
T002328,2026-03-16,M001,224.79,EUR,pending
T002329,2026-03-16,M024,31.91,EUR,settled
T002330,2026-03-16,M058,(8.80),USD,settled
T002331,2026-03-16,M052,(32.72),NOK,settled
T002332,2026-03-16,M053,(331.76),EUR,settled
T002333,2026-03-16,M039,25.93,NOK,settled
T002334,2026-03-16,M027,12.17,SEK,pending
T002335,2026-03-16,M037,52.63,SEK,settled
T002336,2026-03-16,M025,13.94,GBP,settled
T002336,2026-03-16,M025,13.94,GBP,settled
T002337,2026-03-16,M036,166.25,EUR,settled
T002338,2026-03-16,M056,8.50,NOK,settled
T002339,2026-03-16,M001,325.26,EUR,settled
T002340,2026-03-16,M014,7.26,EUR,settled
T002341,2026-03-16,M008,51.15,EUR,settled
T002342,2026-03-16,M060,4.37,NOK,pending
T002343,2026-03-16,M002,39.75,EUR,settled
T002344,2026-03-16,M049,272.39,EUR,settled
T002344,2026-03-16,M049,272.39,EUR,settled
T002345,2026-03-16,M008,219.90,EUR,pending
T002346,2026-03-16,M006,67.37,EUR,settled
T002347,2026-03-16,M022,96.71,EUR,settled
T002348,2026-03-16,M038,140.32,EUR,settled
T002349,2026-03-16,M037,21.82,SEK,settled
T002350,2026-03-16,M051,210.98,EUR,settled
T002351,2026-03-16,M028,38.63,EUR,settled
T002352,2026-03-16,M052,88.83,NOK,settled
T002353,2026-03-16,M031,1197.09,EUR,failed
T002354,2026-03-16,M021,17.27,EUR,settled
T002355,2026-03-16,M002,16.55,EUR,settled
T002356,2026-03-16,M004,314.17,EUR,settled
T002357,2026-03-16,M014,37.44,EUR,settled
T002358,2026-03-16,M014,40.30,EUR,settled
T002359,2026-03-16,M005,40.67,GBP,pending
T002360,2026-03-16,M059,245.90,EUR,settled
T002361,2026-03-16,M036,169.89,EUR,settled
T002362,2026-03-16,M027,655.43,SEK,settled
T002363,2026-03-16,M041,13.34,EUR,settled
T002364,2026-03-16,M037,739.53,SEK,settled
T002365,2026-03-16,M005,37.06,GBP,settled
T002366,2026-03-16,M005,411.90,GBP,settled
T002367,2026-03-16,M056,233.59,NOK,pending
T002368,2026-03-16,M005,750.12,GBP,settled
T002369,2026-03-16,M009,180.14,NOK,pending
T002370,2026-03-16,M030,13.48,EUR,settled
T002371,2026-03-16,M027,50.66,SEK,settled
T002372,2026-03-16,M046,55.66,USD,settled
T002373,2026-03-16,M022,142.36,EUR,pending
T002374,2026-03-16,M056,73.53,NOK,settled
T002375,2026-03-16,M024,113.77,EUR,settled
T002376,2026-03-16,M018,59.53,EUR,settled
T002377,2026-03-16,M040,69.56,EUR,settled
T002377,2026-03-16,M040,69.56,EUR,settled
T002378,2026-03-16,M009,653.48,NOK,settled
T002379,2026-03-16,M056,29.88,NOK,settled
T002380,2026-03-16,M019,189.58,NOK,settled
T002381,2026-03-16,M032,26.05,EUR,settled
T002382,2026-03-16,M057,244.50,EUR,settled
T002383,2026-03-16,M039,55.83,NOK,settled
T002384,2026-03-16,M011,72.05,EUR,settled
T002385,2026-03-16,M007,121.39,SEK,settled
T002386,2026-03-16,M007,207.53,SEK,settled
T002387,2026-03-16,M041,(23.51),EUR,settled
T002388,2026-03-16,M037,11.97,SEK,settled
T002389,2026-03-16,M039,70.83,NOK,settled
T002390,2026-03-16,M046,136.93,USD,settled
T002391,2026-03-16,M013,1826.84,USD,settled
T002392,2026-03-16,M044,90.92,NOK,settled
T002393,2026-03-16,M019,1162.99,NOK,settled
T002394,2026-03-16,M043,176.08,EUR,settled
T002395,2026-03-16,M022,73.85,EUR,settled
T002396,2026-03-16,M044,75.37,NOK,settled
T002397,2026-03-16,M003,460.15,USD,settled
T002398,2026-03-16,M041,151.34,EUR,settled
T002399,2026-03-16,M046,326.35,USD,settled
T002400,2026-03-16,M025,93.19,GBP,settled
T002401,2026-03-16,M034,78.85,EUR,settled
T002402,2026-03-16,M009,23.68,NOK,settled
T002403,2026-03-16,M043,15.64,EUR,pending
T002404,2026-03-16,M044,15.91,NOK,settled
T002405,2026-03-16,M002,63.11,EUR,settled
T002406,2026-03-16,M048,142.93,NOK,settled
T002407,2026-03-16,M026,13.22,EUR,settled
T002408,2026-03-16,M040,21.69,EUR,settled
T002409,2026-03-16,M030,35.85,EUR,settled
T002410,2026-03-16,M024,18.43,EUR,settled
T002411,2026-03-16,M052,119.72,NOK,settled
T002412,2026-03-16,M042,22.09,USD,settled
T002413,2026-03-16,M049,50.81,EUR,settled
T002414,2026-03-16,M035,80.79,GBP,settled
T002415,2026-03-16,M003,24.94,USD,settled
T002416,2026-03-16,M048,314.50,NOK,settled
T002417,2026-03-16,M040,118.87,EUR,settled
T002418,2026-03-16,M037,48.99,SEK,settled
T002419,2026-03-16,M020,219.96,EUR,settled
T002420,2026-03-16,M019,6.45,NOK,settled
T002421,2026-03-16,M003,102.35,USD,settled
T002422,2026-03-16,M028,153.87,EUR,settled
T002423,2026-03-16,M018,123.00,EUR,settled
T002424,2026-03-16,M033,52.85,USD,pending
T002425,2026-03-16,M012,459.42,EUR,settled
T002426,2026-03-16,M038,522.06,EUR,settled
T002427,2026-03-16,M058,66.86,USD,settled
T002428,2026-03-16,M039,91.85,NOK,failed
T002429,2026-03-16,M035,22.07,GBP,settled
T002430,2026-03-16,M056,306.47,NOK,settled
T002431,2026-03-16,M005,8.95,GBP,settled
T002432,2026-03-16,M004,383.33,EUR,pending
T002433,2026-03-16,M010,286.81,EUR,settled
T002434,2026-03-16,M019,191.27,NOK,settled
T002435,2026-03-16,M059,303.20,EUR,settled
T002436,2026-03-16,M009,21.93,NOK,settled
T002437,2026-03-16,M025,99.81,GBP,settled
T002438,2026-03-16,M041,248.25,EUR,settled
T002439,2026-03-16,M047,444.49,EUR,settled
T002440,2026-03-16,M010,530.26,EUR,settled
T002441,2026-03-16,M042,47.51,USD,settled
T002442,2026-03-16,M008,114.39,EUR,settled
T002443,2026-03-16,M004,1153.20,EUR,settled
T002444,2026-03-16,M026,46.37,EUR,pending
T002445,2026-03-16,M027,21.39,SEK,settled
T002446,2026-03-16,M017,2480.05,SEK,settled
T002446,2026-03-16,M017,2480.05,SEK,settled
T002447,2026-03-16,M031,299.81,EUR,settled
T002448,2026-03-16,M031,31.35,EUR,settled
T002449,2026-03-16,M023,52.28,USD,settled
T002450,2026-03-16,M004,67.21,EUR,settled
T002451,2026-03-16,M049,10.69,EUR,settled
T002452,2026-03-16,M033,832.81,USD,settled
T002453,2026-03-16,M013,305.54,USD,settled
T002454,2026-03-16,M003,37.30,USD,pending
T002455,2026-03-16,M013,357.40,USD,settled
T002456,2026-03-16,M015,1696.02,GBP,settled
T002457,2026-03-16,M016,-891.98,EUR,pending
T002458,2026-03-16,M013,1278.08,USD,settled
T002459,2026-03-16,M055,21.48,EUR,settled
T002460,2026-03-16,M055,(38.03),EUR,settled
T002461,2026-03-16,M019,345.80,NOK,settled
T002462,2026-03-16,M029,533.46,NOK,settled
T002462,2026-03-16,M029,533.46,NOK,settled
T002463,2026-03-16,M032,1921.78,EUR,settled
T002464,2026-03-16,M032,91.11,EUR,settled
T002465,2026-03-16,M013,233.01,USD,settled
T002465,2026-03-16,M013,233.01,USD,settled
T002466,2026-03-16,M009,97.11,NOK,pending
T002467,2026-03-16,M013,99.73,USD,pending
T002468,2026-03-16,M027,89.39,SEK,pending
T002469,2026-03-16,M003,25.69,USD,settled
T002470,2026-03-16,M038,50.64,EUR,settled
T002471,2026-03-16,M007,93.47,SEK,settled
T002472,2026-03-16,M023,268.68,USD,settled
T002473,2026-03-16,M007,488.61,SEK,settled
T002474,2026-03-16,M052,"1,212.17",NOK,settled
T002475,2026-03-16,M058,333.75,USD,settled
T002476,2026-03-16,M033,4.96,USD,settled
T002477,2026-03-16,M018,458.08,EUR,settled
T002478,2026-03-16,M055,(320.73),EUR,settled
T002479,2026-03-16,M001,428.40,EUR,pending
T002480,2026-03-16,M001,35.48,EUR,settled
T002481,2026-03-16,M017,40.72,SEK,settled
T002482,2026-03-16,M002,111.11,EUR,pending
T002483,2026-03-16,M009,92.21,NOK,settled
T002484,2026-03-16,M041,69.36,EUR,settled
T002485,2026-03-16,M036,12.06,EUR,settled
T002486,2026-03-16,M049,26.41,EUR,settled
T002487,2026-03-16,M016,12.72,EUR,settled
T002488,2026-03-16,M007,9.47,SEK,failed
T002489,2026-03-16,M029,107.02,NOK,settled
T002490,2026-03-16,M057,68.89,EUR,settled
T002491,2026-03-16,M024,910.07,EUR,settled
T002492,2026-03-16,M056,11.63,NOK,settled
T002493,2026-03-16,M045,65.94,EUR,settled
T002493,2026-03-16,M045,65.94,EUR,settled
T002494,2026-03-16,M013,378.26,USD,settled
T002495,2026-03-16,M056,127.47,NOK,settled
T002496,2026-03-16,M042,555.69,USD,settled
T002497,2026-03-16,M057,450.89,EUR,settled
T002498,2026-03-16,M024,40.31,EUR,pending
T002498,2026-03-16,M024,40.31,EUR,pending
T002499,2026-03-16,M044,73.82,NOK,settled
T002500,2026-03-16,M013,50.82,USD,settled
T002501,2026-03-16,M025,19.20,GBP,settled
T002502,2026-03-16,M018,162.04,EUR,settled
T002503,2026-03-16,M007,8.30,SEK,settled
T002504,2026-03-16,M052,134.13,NOK,settled
T002505,2026-03-16,M006,64.21,EUR,settled
T002506,2026-03-16,M055,63.67,EUR,settled
T002507,2026-03-16,M017,776.33,SEK,settled
T002508,2026-03-16,M020,23.40,EUR,failed
T002509,2026-03-16,M037,864.42,SEK,settled
T002510,2026-03-16,M006,158.00,EUR,settled
T002511,2026-03-16,M053,97.08,EUR,settled
T002512,2026-03-16,M023,66.12,USD,settled
T002513,2026-03-16,M047,14.06,EUR,pending
T002514,2026-03-16,M023,245.51,USD,settled
T002515,2026-03-16,M004,7.82,EUR,settled
T002516,2026-03-16,M042,481.18,USD,settled
T002517,2026-03-16,M036,-57.72,EUR,settled
T002518,2026-03-17,M052,70.87,NOK,settled
T002519,2026-03-17,M041,10.43,EUR,settled
T002520,2026-03-17,M014,102.83,EUR,settled
T002521,2026-03-17,M007,301.43,SEK,settled
T002522,2026-03-17,M038,-20.08,EUR,settled
T002523,2026-03-17,M011,25.59,EUR,settled
T002524,2026-03-17,M036,121.20,EUR,settled
T002525,2026-03-17,M030,191.76,EUR,settled
T002526,2026-03-17,M017,671.06,SEK,settled
T002527,2026-03-17,M059,60.67,EUR,settled
T002528,2026-03-17,M010,16.84,EUR,settled
T002529,2026-03-17,M032,1511.69,EUR,settled
T002530,2026-03-17,M018,270.40,EUR,settled
T002531,2026-03-17,M014,199.93,EUR,settled
T002532,2026-03-17,M039,179.12,NOK,settled
T002533,2026-03-17,M045,127.10,EUR,settled
T002534,2026-03-17,M037,51.27,SEK,settled
T002535,2026-03-17,M029,78.60,NOK,settled
T002536,2026-03-17,M013,1148.34,USD,settled
T002537,2026-03-17,M055,(64.64),EUR,settled
T002538,2026-03-17,M044,"1,420.61",NOK,settled
T002539,2026-03-17,M007,825.66,SEK,settled
T002540,2026-03-17,M043,61.91,EUR,settled
T002541,2026-03-17,M048,(34.62),NOK,settled
T002542,2026-03-17,M053,538.92,EUR,settled
T002543,2026-03-17,M038,1314.12,EUR,settled
T002544,2026-03-17,M004,21.51,EUR,pending
T002545,2026-03-17,M008,59.28,EUR,settled
T002546,2026-03-17,M033,2645.30,USD,settled
T002547,2026-03-17,M029,22.55,NOK,settled
T002548,2026-03-17,M032,88.95,EUR,settled
T002549,2026-03-17,M028,164.43,EUR,settled
T002550,2026-03-17,M001,167.19,EUR,pending
T002551,2026-03-17,M024,281.99,EUR,settled
T002552,2026-03-17,M009,165.53,NOK,settled
T002553,2026-03-17,M022,-500.53,EUR,settled
T002554,2026-03-17,M029,405.60,NOK,settled
T002555,2026-03-17,M022,434.23,EUR,settled
T002556,2026-03-17,M020,-22.36,EUR,settled
T002557,2026-03-17,M058,113.44,USD,settled
T002558,2026-03-17,M002,301.45,EUR,settled
T002559,2026-03-17,M011,201.50,EUR,settled
T002560,2026-03-17,M015,166.57,GBP,settled
T002561,2026-03-17,M015,1370.74,GBP,settled
T002562,2026-03-17,M058,(700.12),USD,settled
T002563,2026-03-17,M049,334.20,EUR,settled
T002564,2026-03-17,M039,65.13,NOK,settled
T002565,2026-03-17,M013,269.70,USD,settled
T002566,2026-03-17,M035,47.33,GBP,settled
T002567,2026-03-17,M052,188.68,NOK,settled
T002568,2026-03-17,M047,741.18,EUR,settled
T002569,2026-03-17,M011,58.38,EUR,settled
T002570,2026-03-17,M055,797.32,EUR,settled
T002571,2026-03-17,M028,57.08,EUR,settled
T002572,2026-03-17,M047,(96.51),EUR,pending
T002573,2026-03-17,M055,50.64,EUR,settled
T002574,2026-03-17,M008,32.89,EUR,settled
T002575,2026-03-17,M027,1091.10,SEK,settled
T002576,2026-03-17,M051,125.70,EUR,settled
T002577,2026-03-17,M010,50.12,EUR,settled
T002578,2026-03-17,M042,(217.11),USD,settled
T002579,2026-03-17,M005,49.05,GBP,settled
T002580,2026-03-17,M003,66.75,USD,settled
T002581,2026-03-17,M009,17318.70,NOK,settled
T002582,2026-03-17,M044,10.60,NOK,settled
T002583,2026-03-17,M057,137.14,EUR,settled
T002584,2026-03-17,M054,"2,354.95",USD,settled
T002585,2026-03-17,M023,16.14,USD,settled
T002586,2026-03-17,M027,112.14,SEK,settled
T002587,2026-03-17,M003,211.21,USD,settled
T002588,2026-03-17,M029,-28.34,NOK,settled
T002589,2026-03-17,M008,28.82,EUR,settled
T002590,2026-03-17,M055,233.73,EUR,settled
T002591,2026-03-17,M048,90.63,NOK,settled
T002592,2026-03-17,M058,833.58,USD,settled
T002592,2026-03-17,M058,833.58,USD,settled
T002593,2026-03-17,M028,19.44,EUR,settled
T002594,2026-03-17,M004,22.81,EUR,settled
T002595,2026-03-17,M013,23.73,USD,settled
T002596,2026-03-17,M028,84.16,EUR,settled
T002597,2026-03-17,M057,749.08,EUR,settled
T002598,2026-03-17,M026,99.13,EUR,settled
T002599,2026-03-17,M030,305.76,EUR,settled
T002600,2026-03-17,M046,156.95,USD,settled
T002601,2026-03-17,M024,378.06,EUR,settled
T002602,2026-03-17,M016,14.46,EUR,pending
T002603,2026-03-17,M003,350.62,USD,settled
T002604,2026-03-17,M010,67.55,EUR,settled
T002605,2026-03-17,M059,152.02,EUR,settled
T002606,2026-03-17,M055,77.51,EUR,settled
T002607,2026-03-17,M029,187.65,NOK,settled
T002608,2026-03-17,M004,108.11,EUR,settled
T002609,2026-03-17,M017,45.88,SEK,settled
T002610,2026-03-17,M003,62.33,USD,failed
T002611,2026-03-17,M016,153.99,EUR,settled
T002612,2026-03-17,M009,166.90,NOK,settled
T002613,2026-03-17,M052,47.44,NOK,settled
T002614,2026-03-17,M020,1328.40,EUR,settled
T002615,2026-03-17,M038,26.81,EUR,settled
T002616,2026-03-17,M052,247.02,NOK,settled
T002617,2026-03-17,M022,353.02,EUR,failed
T002618,2026-03-17,M035,86.67,GBP,settled
T002619,2026-03-17,M009,1500.79,NOK,settled
T002620,2026-03-17,M028,28.40,EUR,settled
T002621,2026-03-17,M060,67.84,NOK,settled
T002622,2026-03-17,M038,581.09,EUR,settled
T002623,2026-03-17,M015,99.59,GBP,settled
T002624,2026-03-17,M018,17.86,EUR,settled
T002625,2026-03-17,M057,21.00,EUR,settled
T002626,2026-03-17,M017,276.54,SEK,settled
T002627,2026-03-17,M006,64.67,EUR,settled
T002628,2026-03-17,M002,33.89,EUR,settled
T002629,2026-03-17,M049,194.83,EUR,settled
T002630,2026-03-17,M016,224.94,EUR,settled
T002631,2026-03-17,M014,76.64,EUR,settled
T002632,2026-03-17,M050,5.07,USD,settled
T002633,2026-03-17,M022,65.63,EUR,settled
T002634,2026-03-17,M035,1215.80,GBP,settled
T002635,2026-03-17,M044,166.30,NOK,settled
T002636,2026-03-17,M039,129.87,NOK,settled
T002637,2026-03-17,M006,3346.88,EUR,settled
T002638,2026-03-17,M012,143.09,EUR,settled
T002639,2026-03-17,M033,183.09,USD,settled
T002640,2026-03-17,M046,309.57,USD,settled
T002641,2026-03-17,M039,18.64,NOK,pending
T002642,2026-03-17,M034,554.36,EUR,pending
T002642,2026-03-17,M034,554.36,EUR,pending
T002643,2026-03-17,M015,10.93,GBP,settled
T002644,2026-03-17,M001,9847.36,EUR,settled
T002645,2026-03-17,M019,1.85,NOK,settled
T002646,2026-03-17,M043,450.34,EUR,settled
T002647,2026-03-17,M052,475.96,NOK,settled
T002648,2026-03-17,M013,75.97,USD,settled
T002649,2026-03-17,M025,411.38,GBP,settled
T002650,2026-03-17,M011,383.91,EUR,settled
T002651,2026-03-17,M013,18.70,USD,settled
T002652,2026-03-17,M008,2.69,EUR,settled
T002653,2026-03-17,M052,203.73,NOK,settled
T002654,2026-03-17,M007,233.56,SEK,settled
T002654,2026-03-17,M007,233.56,SEK,settled
T002655,2026-03-17,M034,244.23,EUR,settled
T002655,2026-03-17,M034,244.23,EUR,settled
T002656,2026-03-17,M050,759.38,USD,settled
T002657,2026-03-17,M030,26.82,EUR,failed
T002658,2026-03-17,M049,4.98,EUR,settled
T002659,2026-03-17,M015,174.80,GBP,settled
T002660,2026-03-17,M011,642.02,EUR,settled
T002661,2026-03-17,M038,150.95,EUR,settled
T002662,2026-03-17,M028,133.70,EUR,pending
T002663,2026-03-17,M025,1580.44,GBP,failed
T002663,2026-03-17,M025,1580.44,GBP,failed
T002664,2026-03-17,M032,92.48,EUR,settled
T002665,2026-03-17,M044,42.31,NOK,settled
T002665,2026-03-17,M044,42.31,NOK,settled
T002666,2026-03-17,M015,172.67,GBP,settled
T002667,2026-03-17,M023,66.32,USD,settled
T002668,2026-03-17,M037,109.53,SEK,settled
T002669,2026-03-17,M056,225.82,NOK,settled
T002670,2026-03-17,M024,-125.56,EUR,settled
T002671,2026-03-17,M003,5163.57,USD,settled
T002671,2026-03-17,M003,5163.57,USD,settled
T002672,2026-03-17,M059,"2,495.75",EUR,settled
T002673,2026-03-17,M021,435.81,EUR,settled
T002674,2026-03-17,M013,137.14,USD,settled
T002675,2026-03-17,M021,172.77,EUR,settled
T002676,2026-03-17,M004,56.14,EUR,settled
T002676,2026-03-17,M004,56.14,EUR,settled
T002677,2026-03-17,M037,392.02,SEK,settled
T002678,2026-03-17,M036,67.23,EUR,settled
T002679,2026-03-17,M027,88.87,SEK,settled
T002680,2026-03-17,M009,257.01,NOK,settled
T002681,2026-03-17,M041,330.97,EUR,failed
T002682,2026-03-17,M010,408.36,EUR,settled
T002683,2026-03-17,M024,64.66,EUR,settled
T002684,2026-03-17,M026,175.21,EUR,settled
T002685,2026-03-17,M040,421.99,EUR,settled
T002686,2026-03-17,M017,1161.90,SEK,settled
T002687,2026-03-17,M047,202.47,EUR,pending
T002688,2026-03-17,M060,"1,363.47",NOK,settled
T002689,2026-03-17,M003,2168.10,USD,settled
T002690,2026-03-17,M014,640.51,EUR,pending
T002691,2026-03-17,M023,215.24,USD,settled
T002692,2026-03-17,M013,22.23,USD,pending
T002693,2026-03-17,M036,35.08,EUR,settled
T002694,2026-03-17,M020,2.90,EUR,settled
T002695,2026-03-17,M005,57.82,GBP,settled
T002696,2026-03-17,M049,123.57,EUR,settled
T002697,2026-03-17,M059,5.36,EUR,settled
T002698,2026-03-17,M047,96.84,EUR,settled
T002699,2026-03-17,M048,146.79,NOK,pending
T002700,2026-03-17,M033,98.19,USD,settled
T002701,2026-03-17,M006,70.38,EUR,settled
T002702,2026-03-17,M008,385.35,EUR,settled
T002703,2026-03-17,M031,358.75,EUR,settled
T002704,2026-03-17,M054,159.18,USD,settled
T002705,2026-03-17,M006,158.43,EUR,settled
T002706,2026-03-17,M053,14.86,EUR,settled
T002707,2026-03-17,M019,6.40,NOK,settled
T002708,2026-03-17,M059,(25.75),EUR,failed
T002709,2026-03-17,M006,-61.50,EUR,settled
T002710,2026-03-17,M040,50.18,EUR,settled
T002711,2026-03-17,M052,922.19,NOK,settled
T002712,2026-03-17,M030,-319.23,EUR,settled
T002713,2026-03-17,M034,84.25,EUR,settled
T002714,2026-03-17,M045,277.45,EUR,settled
T002715,2026-03-17,M013,753.10,USD,settled
T002716,2026-03-17,M002,163.87,EUR,pending
T002717,2026-03-17,M038,4186.48,EUR,settled
T002718,2026-03-17,M009,81.34,NOK,pending
T002719,2026-03-17,M027,205.34,SEK,settled
T002720,2026-03-17,M055,38.13,EUR,settled
T002721,2026-03-17,M043,"1,433.72",EUR,settled
T002722,2026-03-17,M003,117.90,USD,settled
T002723,2026-03-17,M020,35.43,EUR,settled
T002724,2026-03-17,M038,856.43,EUR,settled
T002725,2026-03-17,M030,262.67,EUR,settled
T002726,2026-03-18,M044,369.95,NOK,failed
T002727,2026-03-18,M021,20.52,EUR,settled
T002728,2026-03-18,M055,165.68,EUR,settled
T002729,2026-03-18,M032,82.48,EUR,settled
T002730,2026-03-18,M018,61.51,EUR,settled
T002731,2026-03-18,M058,58.44,USD,settled
T002732,2026-03-18,M036,52.88,EUR,settled
T002732,2026-03-18,M036,52.88,EUR,settled
T002733,2026-03-18,M022,1574.86,EUR,settled
T002734,2026-03-18,M009,44.96,NOK,settled
T002735,2026-03-18,M010,67.40,EUR,settled
T002736,2026-03-18,M011,144.11,EUR,settled
T002737,2026-03-18,M030,274.05,EUR,settled
T002738,2026-03-18,M002,51.89,EUR,settled
T002739,2026-03-18,M059,105.30,EUR,settled
T002740,2026-03-18,M047,"2,508.91",EUR,settled
T002741,2026-03-18,M052,213.36,NOK,settled
T002742,2026-03-18,M011,174.53,EUR,pending
T002743,2026-03-18,M033,121.58,USD,settled
T002744,2026-03-18,M054,284.31,USD,settled
T002745,2026-03-18,M040,37.21,EUR,settled
T002746,2026-03-18,M023,479.89,USD,settled
T002747,2026-03-18,M019,188.30,NOK,settled
T002748,2026-03-18,M040,202.92,EUR,settled
T002749,2026-03-18,M060,70.86,NOK,pending
T002750,2026-03-18,M012,174.66,EUR,settled
T002751,2026-03-18,M003,182.27,USD,settled
T002752,2026-03-18,M021,55.89,EUR,settled
T002753,2026-03-18,M007,90.81,SEK,settled
T002754,2026-03-18,M024,38.99,EUR,settled
T002755,2026-03-18,M025,33.52,GBP,settled
T002756,2026-03-18,M055,51.26,EUR,settled
T002757,2026-03-18,M005,220.60,GBP,settled
T002757,2026-03-18,M005,220.60,GBP,settled
T002758,2026-03-18,M049,209.97,EUR,settled
T002759,2026-03-18,M035,2059.62,GBP,settled
T002760,2026-03-18,M029,75.96,NOK,settled
T002761,2026-03-18,M040,19.87,EUR,pending
T002762,2026-03-18,M004,572.49,EUR,settled
T002763,2026-03-18,M060,(34.27),NOK,settled
T002764,2026-03-18,M058,(118.52),USD,settled
T002765,2026-03-18,M021,1275.19,EUR,pending
T002766,2026-03-18,M027,27.23,SEK,pending
T002767,2026-03-18,M007,8.10,SEK,settled
T002768,2026-03-18,M038,-255.39,EUR,settled
T002768,2026-03-18,M038,-255.39,EUR,settled
T002769,2026-03-18,M041,"1,271.20",EUR,settled
T002770,2026-03-18,M052,161.63,NOK,pending
T002771,2026-03-18,M007,779.15,SEK,pending
T002772,2026-03-18,M056,57.35,NOK,settled
T002773,2026-03-18,M027,137.66,SEK,settled
T002774,2026-03-18,M004,957.76,EUR,settled
T002775,2026-03-18,M015,41.44,GBP,settled
T002776,2026-03-18,M018,115.30,EUR,settled
T002777,2026-03-18,M036,43.67,EUR,settled
T002778,2026-03-18,M041,303.06,EUR,settled
T002779,2026-03-18,M005,71.86,GBP,pending
T002780,2026-03-18,M060,8.07,NOK,settled
T002781,2026-03-18,M001,234.71,EUR,settled
T002782,2026-03-18,M009,1028.43,NOK,settled
T002783,2026-03-18,M059,540.41,EUR,settled
T002784,2026-03-18,M007,41.51,SEK,settled
T002785,2026-03-18,M047,561.40,EUR,settled
T002786,2026-03-18,M011,373.95,EUR,settled
T002787,2026-03-18,M038,113.83,EUR,settled
T002788,2026-03-18,M013,1386.32,USD,settled
T002789,2026-03-18,M053,84.15,EUR,settled
T002790,2026-03-18,M004,44.40,EUR,settled
T002791,2026-03-18,M045,45.40,EUR,settled
T002792,2026-03-18,M011,70.58,EUR,settled
T002793,2026-03-18,M013,140.84,USD,settled
T002794,2026-03-18,M015,267.39,GBP,settled
T002795,2026-03-18,M045,55.88,EUR,settled
T002796,2026-03-18,M047,149.04,EUR,settled
T002797,2026-03-18,M026,484.29,EUR,settled
T002798,2026-03-18,M020,541.40,EUR,settled
T002799,2026-03-18,M035,2209.23,GBP,settled
T002800,2026-03-18,M006,32.90,EUR,settled
T002801,2026-03-18,M029,83.98,NOK,settled
T002802,2026-03-18,M057,956.86,EUR,settled
T002803,2026-03-18,M014,26.16,EUR,settled
T002804,2026-03-18,M054,13.78,USD,settled
T002805,2026-03-18,M038,269.44,EUR,settled
T002806,2026-03-18,M042,172.16,USD,failed
T002807,2026-03-18,M036,200.87,EUR,failed
T002808,2026-03-18,M059,"1,348.85",EUR,settled
T002809,2026-03-18,M014,1.80,EUR,settled
T002810,2026-03-18,M030,744.33,EUR,pending
T002811,2026-03-18,M039,42.90,NOK,settled
T002812,2026-03-18,M040,195.96,EUR,settled
T002813,2026-03-18,M045,93.85,EUR,settled
T002814,2026-03-18,M018,241.05,EUR,settled
T002815,2026-03-18,M039,148.47,NOK,settled
T002816,2026-03-18,M055,849.43,EUR,settled
T002817,2026-03-18,M057,61.51,EUR,settled
T002818,2026-03-18,M011,1.72,EUR,settled
T002819,2026-03-18,M001,3854.01,EUR,settled
T002820,2026-03-18,M055,91.27,EUR,settled
T002821,2026-03-18,M028,41.69,EUR,settled
T002822,2026-03-18,M040,95.00,EUR,settled
T002823,2026-03-18,M036,195.67,EUR,settled
T002824,2026-03-18,M036,465.18,EUR,settled
T002825,2026-03-18,M023,90.76,USD,settled
T002826,2026-03-18,M028,3554.95,EUR,settled
T002827,2026-03-18,M036,87.49,EUR,settled
T002828,2026-03-18,M032,1526.28,EUR,settled
T002829,2026-03-18,M052,(21.23),NOK,settled
T002830,2026-03-18,M037,33.85,SEK,settled
T002831,2026-03-18,M013,1769.20,USD,settled
T002832,2026-03-18,M007,305.01,SEK,settled
T002833,2026-03-18,M025,6.93,GBP,pending
T002834,2026-03-18,M052,103.94,NOK,settled
T002835,2026-03-18,M006,347.31,EUR,settled
T002836,2026-03-18,M050,"1,097.02",USD,settled
T002837,2026-03-18,M012,149.90,EUR,settled
T002838,2026-03-18,M031,42.10,EUR,settled
T002839,2026-03-18,M047,225.27,EUR,settled
T002840,2026-03-18,M039,1194.23,NOK,settled
T002841,2026-03-18,M002,414.02,EUR,settled
T002842,2026-03-18,M058,"1,852.94",USD,settled
T002843,2026-03-18,M004,45.43,EUR,settled
T002844,2026-03-18,M032,243.82,EUR,pending
T002845,2026-03-18,M046,175.24,USD,settled
T002846,2026-03-18,M032,3.40,EUR,failed
T002847,2026-03-18,M048,350.47,NOK,settled
T002848,2026-03-18,M036,25.54,EUR,settled
T002849,2026-03-18,M027,659.54,SEK,pending
T002850,2026-03-18,M018,-85.52,EUR,settled
T002851,2026-03-18,M016,41.79,EUR,settled
T002852,2026-03-18,M021,452.98,EUR,settled
T002853,2026-03-18,M010,50.63,EUR,settled
T002854,2026-03-18,M002,22.04,EUR,settled
T002855,2026-03-18,M002,393.96,EUR,settled
T002856,2026-03-18,M009,19.62,NOK,settled
T002857,2026-03-18,M060,453.51,NOK,settled
T002858,2026-03-18,M060,114.43,NOK,settled
T002859,2026-03-18,M017,43.00,SEK,settled
T002860,2026-03-18,M020,31.96,EUR,settled
T002861,2026-03-18,M042,28.30,USD,settled
T002862,2026-03-18,M043,176.12,EUR,settled
T002863,2026-03-18,M004,41.36,EUR,settled
T002864,2026-03-18,M041,472.60,EUR,settled
T002865,2026-03-18,M038,146.61,EUR,settled
T002866,2026-03-18,M043,82.45,EUR,settled
T002867,2026-03-18,M042,27.70,USD,settled
T002868,2026-03-18,M028,1724.50,EUR,pending
T002869,2026-03-18,M056,356.22,NOK,failed
T002870,2026-03-18,M057,462.50,EUR,settled
T002871,2026-03-18,M047,14.94,EUR,settled
T002872,2026-03-18,M059,205.75,EUR,settled
T002873,2026-03-18,M007,334.69,SEK,settled
T002874,2026-03-18,M040,16.93,EUR,settled
T002875,2026-03-18,M017,170.00,SEK,settled
T002876,2026-03-18,M051,418.65,EUR,settled
T002877,2026-03-18,M002,92.78,EUR,settled
T002878,2026-03-18,M048,(15.90),NOK,settled
T002879,2026-03-18,M060,268.15,NOK,settled
T002880,2026-03-18,M029,493.73,NOK,settled
T002881,2026-03-18,M022,217.35,EUR,settled
T002882,2026-03-18,M055,679.33,EUR,settled
T002883,2026-03-18,M001,67.57,EUR,pending
T002884,2026-03-18,M004,303.28,EUR,settled
T002885,2026-03-18,M051,135.60,EUR,settled
T002886,2026-03-18,M011,125.81,EUR,settled
T002887,2026-03-18,M023,57.47,USD,settled
T002888,2026-03-18,M047,119.59,EUR,settled
T002889,2026-03-18,M049,102.27,EUR,settled
T002890,2026-03-18,M059,13.72,EUR,settled
T002891,2026-03-18,M052,(37.37),NOK,settled
T002892,2026-03-18,M047,514.16,EUR,settled
T002893,2026-03-18,M039,160.85,NOK,settled
T002894,2026-03-18,M002,51.91,EUR,settled
T002895,2026-03-19,M028,32.75,EUR,settled
T002896,2026-03-19,M050,632.33,USD,failed
T002897,2026-03-19,M010,782.13,EUR,settled
T002898,2026-03-19,M051,57.36,EUR,settled
T002899,2026-03-19,M056,(32.40),NOK,settled
T002900,2026-03-19,M011,90.71,EUR,settled
T002901,2026-03-19,M017,1.36,SEK,settled
T002902,2026-03-19,M051,57.57,EUR,settled
T002903,2026-03-19,M039,418.56,NOK,settled
T002904,2026-03-19,M051,44.36,EUR,settled
T002905,2026-03-19,M040,119.40,EUR,settled
T002906,2026-03-19,M022,13.21,EUR,settled
T002907,2026-03-19,M059,45.60,EUR,settled
T002908,2026-03-19,M028,44.29,EUR,settled
T002909,2026-03-19,M037,418.35,SEK,settled
T002910,2026-03-19,M001,551.25,EUR,settled
T002911,2026-03-19,M018,178.25,EUR,settled
T002912,2026-03-19,M030,246.07,EUR,settled
T002913,2026-03-19,M002,6782.91,EUR,settled
T002914,2026-03-19,M027,24420.62,SEK,settled
T002915,2026-03-19,M043,102.15,EUR,settled
T002916,2026-03-19,M058,243.80,USD,settled
T002917,2026-03-19,M036,62.56,EUR,settled
T002918,2026-03-19,M054,74.51,USD,settled
T002919,2026-03-19,M053,73.22,EUR,settled
T002920,2026-03-19,M060,31.23,NOK,settled
T002921,2026-03-19,M022,28.97,EUR,settled
T002922,2026-03-19,M028,274.43,EUR,settled
T002923,2026-03-19,M057,132.99,EUR,settled
T002924,2026-03-19,M018,158.62,EUR,settled
T002925,2026-03-19,M038,124.73,EUR,settled
T002926,2026-03-19,M059,15.80,EUR,settled
T002927,2026-03-19,M015,47.12,GBP,pending
T002928,2026-03-19,M045,215.90,EUR,settled
T002929,2026-03-19,M051,"1,149.73",EUR,failed
T002930,2026-03-19,M037,26.94,SEK,pending
T002931,2026-03-19,M015,88.59,GBP,settled
T002932,2026-03-19,M038,12.71,EUR,settled
T002932,2026-03-19,M038,12.71,EUR,settled
T002933,2026-03-19,M027,57.62,SEK,settled
T002934,2026-03-19,M050,13.11,USD,pending
T002935,2026-03-19,M044,17.67,NOK,settled
T002936,2026-03-19,M011,150.20,EUR,settled
T002937,2026-03-19,M041,528.83,EUR,settled
T002938,2026-03-19,M055,303.84,EUR,settled
T002939,2026-03-19,M049,748.61,EUR,settled
T002939,2026-03-19,M049,748.61,EUR,settled
T002940,2026-03-19,M058,60.39,USD,settled
T002941,2026-03-19,M048,"2,047.50",NOK,settled
T002942,2026-03-19,M005,85.86,GBP,settled
T002943,2026-03-19,M018,42.54,EUR,settled
T002944,2026-03-19,M056,31.67,NOK,settled
T002945,2026-03-19,M038,25.80,EUR,settled
T002946,2026-03-19,M049,5.94,EUR,settled
T002947,2026-03-19,M034,44.80,EUR,settled
T002948,2026-03-19,M053,31.17,EUR,settled
T002949,2026-03-19,M031,7.63,EUR,settled
T002950,2026-03-19,M009,41.96,NOK,settled
T002951,2026-03-19,M008,192.06,EUR,settled
T002952,2026-03-19,M059,931.96,EUR,settled
T002953,2026-03-19,M027,74.99,SEK,settled
T002954,2026-03-19,M026,53.25,EUR,settled
T002955,2026-03-19,M050,59.91,USD,settled
T002956,2026-03-19,M024,178.88,EUR,settled
T002957,2026-03-19,M054,(142.04),USD,settled
T002958,2026-03-19,M052,313.59,NOK,settled
T002959,2026-03-19,M006,147.56,EUR,settled
T002960,2026-03-19,M028,23.05,EUR,settled
T002961,2026-03-19,M052,"1,474.63",NOK,settled
T002962,2026-03-19,M013,91.76,USD,settled
T002963,2026-03-19,M035,343.02,GBP,settled
T002964,2026-03-19,M033,93.60,USD,pending
T002965,2026-03-19,M045,173.59,EUR,settled
T002966,2026-03-19,M006,1291.60,EUR,settled
T002967,2026-03-19,M007,76.24,SEK,settled
T002968,2026-03-19,M043,52.72,EUR,settled
T002969,2026-03-19,M058,27.83,USD,settled
T002970,2026-03-19,M046,57.02,USD,settled
T002971,2026-03-19,M004,11.39,EUR,settled
T002972,2026-03-19,M045,49.37,EUR,settled
T002973,2026-03-19,M004,41.43,EUR,settled
T002974,2026-03-19,M022,474.43,EUR,settled
T002975,2026-03-19,M045,(65.57),EUR,settled
T002976,2026-03-19,M030,76.48,EUR,pending
T002977,2026-03-19,M051,173.45,EUR,settled
T002978,2026-03-19,M009,99.27,NOK,settled
T002979,2026-03-19,M033,197.52,USD,settled
T002980,2026-03-19,M022,808.23,EUR,pending
T002981,2026-03-19,M022,590.82,EUR,settled
T002982,2026-03-19,M035,166.89,GBP,settled
T002983,2026-03-19,M004,97.07,EUR,settled
T002984,2026-03-19,M050,96.10,USD,settled
T002985,2026-03-19,M025,241.65,GBP,settled
T002986,2026-03-19,M035,53.51,GBP,settled
T002987,2026-03-19,M041,585.66,EUR,settled
T002988,2026-03-19,M036,17.22,EUR,settled
T002989,2026-03-19,M034,383.70,EUR,settled
T002990,2026-03-19,M056,37.93,NOK,failed
T002991,2026-03-19,M045,223.29,EUR,settled
T002992,2026-03-19,M050,408.76,USD,settled
T002993,2026-03-19,M044,47.52,NOK,settled
T002994,2026-03-19,M011,1746.72,EUR,settled
T002995,2026-03-19,M005,110.05,GBP,settled
T002996,2026-03-19,M019,11.04,NOK,settled
T002997,2026-03-19,M031,1705.82,EUR,pending
T002998,2026-03-19,M043,135.77,EUR,settled
T002999,2026-03-19,M060,30.95,NOK,settled
T003000,2026-03-19,M040,20.87,EUR,settled
T003001,2026-03-19,M026,15.66,EUR,settled
T003002,2026-03-19,M028,80.04,EUR,settled
T003003,2026-03-19,M020,13.62,EUR,settled
T003004,2026-03-19,M017,114.19,SEK,settled
T003005,2026-03-19,M034,220.86,EUR,settled
T003006,2026-03-19,M056,137.68,NOK,settled
T003007,2026-03-19,M040,629.27,EUR,settled
T003008,2026-03-19,M045,29.78,EUR,settled
T003009,2026-03-19,M041,425.62,EUR,settled
T003010,2026-03-19,M052,"1,003.20",NOK,settled
T003011,2026-03-19,M009,57.15,NOK,pending
T003012,2026-03-19,M012,320.36,EUR,settled
T003013,2026-03-19,M028,106.08,EUR,settled
T003014,2026-03-19,M054,87.35,USD,settled
T003015,2026-03-19,M050,"1,533.72",USD,settled
T003016,2026-03-19,M039,28.14,NOK,settled
T003017,2026-03-19,M025,27.13,GBP,settled
T003018,2026-03-19,M033,11.66,USD,pending
T003019,2026-03-19,M016,96.46,EUR,settled
T003020,2026-03-19,M042,48.12,USD,settled
T003021,2026-03-19,M058,5.41,USD,settled
T003022,2026-03-19,M040,619.51,EUR,settled
T003023,2026-03-19,M042,670.97,USD,settled
T003024,2026-03-19,M021,13.59,EUR,settled
T003025,2026-03-19,M014,18.53,EUR,settled
T003026,2026-03-19,M042,419.74,USD,settled
T003027,2026-03-19,M050,40.84,USD,settled
T003028,2026-03-19,M034,1660.58,EUR,settled
T003029,2026-03-19,M015,17.91,GBP,settled
T003030,2026-03-19,M014,14.49,EUR,settled
T003031,2026-03-19,M041,35.28,EUR,settled
T003032,2026-03-19,M032,20.77,EUR,settled
T003033,2026-03-19,M013,180.30,USD,settled
T003034,2026-03-19,M031,97.23,EUR,settled
T003035,2026-03-19,M023,33.46,USD,failed
T003036,2026-03-19,M030,78.88,EUR,settled
T003037,2026-03-19,M023,171.88,USD,settled
T003038,2026-03-19,M038,108.95,EUR,settled
T003039,2026-03-19,M033,21.44,USD,settled
T003040,2026-03-19,M047,19.84,EUR,settled
T003041,2026-03-19,M057,112.04,EUR,failed
T003042,2026-03-19,M039,1381.50,NOK,settled
T003043,2026-03-19,M044,15.35,NOK,settled
T003044,2026-03-19,M020,249.71,EUR,settled
T003045,2026-03-19,M032,627.55,EUR,settled
T003046,2026-03-19,M049,141.42,EUR,pending
T003047,2026-03-19,M030,275.64,EUR,settled
T003048,2026-03-19,M009,108.59,NOK,settled
T003049,2026-03-19,M024,82.57,EUR,settled
T003050,2026-03-19,M008,8.38,EUR,pending
T003051,2026-03-19,M016,31.92,EUR,settled
T003052,2026-03-19,M030,25.47,EUR,settled
T003053,2026-03-19,M037,51.96,SEK,settled
T003054,2026-03-19,M048,31.92,NOK,settled
T003055,2026-03-19,M047,807.79,EUR,settled
T003056,2026-03-19,M044,56.34,NOK,settled
T003057,2026-03-19,M049,447.35,EUR,settled
T003058,2026-03-19,M048,82.90,NOK,settled
T003059,2026-03-19,M009,24.12,NOK,settled
T003060,2026-03-19,M013,29.57,USD,pending
T003061,2026-03-19,M015,219.50,GBP,settled
T003062,2026-03-19,M057,737.45,EUR,settled
T003063,2026-03-19,M054,961.65,USD,settled
T003064,2026-03-19,M007,129.96,SEK,settled
T003065,2026-03-19,M010,125.37,EUR,settled
T003066,2026-03-19,M041,"1,590.76",EUR,settled
T003067,2026-03-19,M022,135.60,EUR,settled
T003068,2026-03-19,M041,89.52,EUR,failed
T003069,2026-03-19,M023,56.59,USD,settled
T003070,2026-03-19,M026,537.80,EUR,settled
T003071,2026-03-19,M032,64.11,EUR,settled
T003072,2026-03-19,M046,192.80,USD,settled
T003073,2026-03-19,M047,84.40,EUR,settled
T003074,2026-03-19,M027,77.47,SEK,settled
T003075,2026-03-19,M020,132.13,EUR,pending
T003076,2026-03-19,M002,322.81,EUR,settled
T003077,2026-03-19,M052,103.51,NOK,settled
T003078,2026-03-19,M049,"(1,311.16)",EUR,settled
T003079,2026-03-19,M053,77.50,EUR,settled
T003080,2026-03-20,M010,152.74,EUR,settled
T003081,2026-03-20,M052,67.42,NOK,settled
T003082,2026-03-20,M034,97.29,EUR,pending
T003083,2026-03-20,M055,166.50,EUR,pending
T003084,2026-03-20,M001,132.15,EUR,settled
T003085,2026-03-20,M014,283.09,EUR,settled
T003086,2026-03-20,M030,2425.94,EUR,settled
T003087,2026-03-20,M046,247.63,USD,settled
T003088,2026-03-20,M008,15.20,EUR,settled
T003089,2026-03-20,M044,14.99,NOK,settled
T003090,2026-03-20,M016,11.61,EUR,settled
T003091,2026-03-20,M024,396.49,EUR,settled
T003092,2026-03-20,M027,120.78,SEK,settled
T003093,2026-03-20,M035,1762.09,GBP,settled
T003094,2026-03-20,M028,644.57,EUR,settled
T003095,2026-03-20,M012,45.81,EUR,settled
T003096,2026-03-20,M050,17.72,USD,settled
T003097,2026-03-20,M057,13.23,EUR,settled
T003098,2026-03-20,M028,156.40,EUR,settled
T003099,2026-03-20,M016,5.84,EUR,settled
T003100,2026-03-20,M023,24.42,USD,settled
T003101,2026-03-20,M050,102.40,USD,settled
T003102,2026-03-20,M005,736.62,GBP,settled
T003103,2026-03-20,M058,89.88,USD,settled
T003104,2026-03-20,M016,1394.17,EUR,settled
T003105,2026-03-20,M046,317.75,USD,settled
T003106,2026-03-20,M047,13.75,EUR,settled
T003107,2026-03-20,M044,1.55,NOK,settled
T003108,2026-03-20,M005,183.46,GBP,settled
T003108,2026-03-20,M005,183.46,GBP,settled
T003109,2026-03-20,M008,1628.52,EUR,settled
T003110,2026-03-20,M016,-1024.75,EUR,pending
T003111,2026-03-20,M012,675.98,EUR,pending
T003112,2026-03-20,M050,24.16,USD,settled
T003113,2026-03-20,M045,0.56,EUR,settled
T003114,2026-03-20,M004,57.85,EUR,settled
T003115,2026-03-20,M030,91.79,EUR,settled
T003116,2026-03-20,M003,22.37,USD,settled
T003117,2026-03-20,M027,16.23,SEK,settled
T003118,2026-03-20,M025,448.10,GBP,settled
T003119,2026-03-20,M018,1813.91,EUR,settled
T003120,2026-03-20,M022,19.94,EUR,settled
T003121,2026-03-20,M017,318.43,SEK,settled
T003122,2026-03-20,M023,74.77,USD,pending
T003123,2026-03-20,M048,(18.67),NOK,settled
T003124,2026-03-20,M057,2.49,EUR,settled
T003125,2026-03-20,M020,30.27,EUR,settled
T003126,2026-03-20,M039,12.58,NOK,settled
T003127,2026-03-20,M036,12.19,EUR,settled
T003128,2026-03-20,M012,61.89,EUR,settled
T003129,2026-03-20,M049,"3,092.01",EUR,settled
T003130,2026-03-20,M046,271.82,USD,settled
T003131,2026-03-20,M054,67.78,USD,settled
T003132,2026-03-20,M030,304.81,EUR,settled
T003133,2026-03-20,M019,13.96,NOK,settled
T003134,2026-03-20,M052,15.12,NOK,settled
T003135,2026-03-20,M012,636.81,EUR,settled
T003136,2026-03-20,M049,(646.53),EUR,settled
T003137,2026-03-20,M014,258.70,EUR,settled
T003138,2026-03-20,M031,-369.62,EUR,settled
T003139,2026-03-20,M040,163.41,EUR,settled
T003140,2026-03-20,M042,93.31,USD,settled
T003141,2026-03-20,M046,"5,731.19",USD,settled
T003142,2026-03-20,M020,26.44,EUR,settled
T003143,2026-03-20,M031,171.15,EUR,settled
T003144,2026-03-20,M016,106.19,EUR,settled
T003145,2026-03-20,M031,112.97,EUR,settled
T003145,2026-03-20,M031,112.97,EUR,settled
T003146,2026-03-20,M016,11.66,EUR,settled
T003147,2026-03-20,M036,188.73,EUR,settled
T003148,2026-03-20,M048,215.62,NOK,settled
T003149,2026-03-20,M025,106.95,GBP,failed
T003150,2026-03-20,M060,627.72,NOK,pending
T003151,2026-03-20,M019,90.39,NOK,settled
T003152,2026-03-20,M028,246.67,EUR,settled
T003153,2026-03-20,M050,(273.69),USD,settled
T003154,2026-03-20,M052,"1,511.48",NOK,settled
T003155,2026-03-20,M022,43.10,EUR,settled
T003156,2026-03-20,M006,92.46,EUR,settled
T003157,2026-03-20,M047,"2,047.61",EUR,settled
T003158,2026-03-20,M023,77.08,USD,pending
T003159,2026-03-20,M049,166.89,EUR,settled
T003160,2026-03-20,M006,30.33,EUR,pending
T003161,2026-03-20,M026,3.64,EUR,settled
T003162,2026-03-20,M023,11.92,USD,settled
T003163,2026-03-20,M030,96.43,EUR,settled
T003164,2026-03-20,M014,65.69,EUR,settled
T003165,2026-03-20,M052,610.52,NOK,settled
T003166,2026-03-20,M021,28.88,EUR,settled
T003167,2026-03-20,M047,64.37,EUR,settled
T003168,2026-03-20,M030,168.88,EUR,failed
T003169,2026-03-20,M003,24.48,USD,settled
T003170,2026-03-20,M012,92.64,EUR,settled
T003171,2026-03-20,M003,40.87,USD,settled
T003172,2026-03-20,M010,53.08,EUR,settled
T003173,2026-03-20,M014,698.75,EUR,settled
T003174,2026-03-20,M035,51.58,GBP,settled
T003175,2026-03-20,M050,32.20,USD,settled
T003176,2026-03-20,M021,194.41,EUR,settled
T003176,2026-03-20,M021,194.41,EUR,settled
T003177,2026-03-20,M009,125.95,NOK,settled
T003178,2026-03-20,M039,13.45,NOK,settled
T003179,2026-03-20,M005,2.95,GBP,settled
T003180,2026-03-20,M046,130.91,USD,pending
T003181,2026-03-20,M025,94.73,GBP,settled
T003182,2026-03-20,M052,456.80,NOK,settled
T003183,2026-03-20,M035,199.19,GBP,settled
T003184,2026-03-20,M016,297.54,EUR,settled
T003185,2026-03-20,M053,322.60,EUR,settled
T003186,2026-03-20,M004,12.75,EUR,settled
T003187,2026-03-20,M054,"1,336.44",USD,settled
T003188,2026-03-20,M050,130.01,USD,pending
T003189,2026-03-20,M025,40.96,GBP,settled
T003190,2026-03-20,M047,34.59,EUR,settled
T003191,2026-03-20,M013,149.15,USD,settled
T003192,2026-03-20,M005,361.03,GBP,settled
T003193,2026-03-20,M012,11.93,EUR,settled
T003194,2026-03-20,M040,442.21,EUR,pending
T003195,2026-03-20,M005,6.59,GBP,settled
T003196,2026-03-20,M046,91.97,USD,settled
T003197,2026-03-20,M015,1896.49,GBP,settled
T003198,2026-03-20,M013,89.39,USD,settled
T003199,2026-03-20,M009,-434.47,NOK,settled
T003200,2026-03-20,M028,25.31,EUR,settled
T003201,2026-03-20,M029,490.69,NOK,settled
T003202,2026-03-20,M020,4.32,EUR,settled
T003203,2026-03-20,M017,37.11,SEK,settled
T003204,2026-03-20,M043,920.59,EUR,settled
T003205,2026-03-20,M009,74.75,NOK,settled
T003206,2026-03-20,M012,61.97,EUR,settled
T003207,2026-03-20,M053,47.03,EUR,settled
T003208,2026-03-20,M032,511.94,EUR,settled
T003209,2026-03-20,M028,206.11,EUR,pending
T003210,2026-03-20,M049,"1,775.87",EUR,settled
T003211,2026-03-20,M015,26.69,GBP,settled
T003212,2026-03-20,M053,57.26,EUR,settled
T003213,2026-03-20,M015,259.06,GBP,settled
T003214,2026-03-20,M043,178.13,EUR,failed
T003215,2026-03-20,M017,44.34,SEK,settled
T003216,2026-03-20,M044,(64.40),NOK,settled
T003217,2026-03-20,M037,27.49,SEK,pending
T003218,2026-03-20,M025,252.52,GBP,settled
T003219,2026-03-20,M036,1512.61,EUR,settled
T003220,2026-03-20,M027,82.81,SEK,settled
T003221,2026-03-20,M057,579.80,EUR,settled
T003222,2026-03-20,M047,135.48,EUR,settled
T003223,2026-03-20,M014,40.37,EUR,settled
T003224,2026-03-20,M008,180.57,EUR,settled
T003225,2026-03-20,M044,292.77,NOK,settled
T003226,2026-03-20,M007,171.76,SEK,pending
T003227,2026-03-20,M048,298.57,NOK,settled
T003228,2026-03-20,M060,105.31,NOK,settled
T003229,2026-03-20,M022,410.91,EUR,settled
T003230,2026-03-20,M030,17.99,EUR,settled
T003231,2026-03-20,M027,35.21,SEK,settled
T003232,2026-03-20,M045,474.59,EUR,settled
T003233,2026-03-20,M036,176.76,EUR,settled
T003234,2026-03-20,M037,233.67,SEK,settled
T003235,2026-03-20,M008,254.60,EUR,settled
T003236,2026-03-20,M016,1749.60,EUR,settled
T003237,2026-03-20,M009,476.38,NOK,settled
T003238,2026-03-20,M054,62.17,USD,settled
T003239,2026-03-20,M053,116.16,EUR,settled
T003240,2026-03-20,M021,46.60,EUR,settled
T003241,2026-03-20,M040,108.08,EUR,pending
T003242,2026-03-20,M053,188.78,EUR,settled
T003243,2026-03-20,M052,37.39,NOK,settled
T003244,2026-03-20,M005,105.81,GBP,settled
T003245,2026-03-20,M046,133.95,USD,pending
T003246,2026-03-20,M013,220.06,USD,settled
T003247,2026-03-20,M055,33.49,EUR,settled
T003248,2026-03-20,M006,28.62,EUR,pending
T003249,2026-03-20,M042,89.28,USD,settled
T003250,2026-03-20,M056,(442.63),NOK,settled
T003251,2026-03-20,M043,"1,141.07",EUR,settled
T003252,2026-03-20,M049,186.63,EUR,pending
T003253,2026-03-20,M045,"1,316.92",EUR,settled
T003254,2026-03-20,M041,405.09,EUR,settled
T003255,2026-03-20,M047,993.85,EUR,settled
T003256,2026-03-20,M048,422.48,NOK,pending
T003256,2026-03-20,M048,422.48,NOK,pending
T003257,2026-03-20,M015,707.78,GBP,settled
T003258,2026-03-20,M009,66.35,NOK,settled
T003259,2026-03-20,M015,18.90,GBP,settled
T003260,2026-03-20,M006,83.86,EUR,settled
T003261,2026-03-20,M026,58.68,EUR,settled
T003262,2026-03-20,M006,41.08,EUR,settled
T003263,2026-03-20,M037,25.08,SEK,settled
T003264,2026-03-20,M055,73.49,EUR,settled
T003265,2026-03-20,M045,54.59,EUR,failed
T003266,2026-03-20,M003,1186.32,USD,settled
T003267,2026-03-20,M032,66.67,EUR,settled
T003268,2026-03-20,M027,14.27,SEK,settled
T003269,2026-03-20,M011,249.84,EUR,settled
T003270,2026-03-20,M016,7.90,EUR,settled
T003271,2026-03-20,M027,84.77,SEK,settled
T003272,2026-03-20,M024,16.63,EUR,settled
T003273,2026-03-20,M003,329.45,USD,pending
T003274,2026-03-20,M046,24.73,USD,settled
T003275,2026-03-20,M016,196.31,EUR,settled
T003276,2026-03-20,M046,816.65,USD,settled
T003277,2026-03-20,M046,18.04,USD,pending
T003278,2026-03-20,M053,88.62,EUR,settled
T003279,2026-03-20,M048,72.11,NOK,settled
T003280,2026-03-20,M044,461.64,NOK,settled
T003281,2026-03-20,M001,325.38,EUR,settled
T003282,2026-03-21,M003,85.44,USD,settled
T003283,2026-03-21,M017,223.76,SEK,failed
T003284,2026-03-21,M027,101.83,SEK,settled
T003285,2026-03-21,M056,143.60,NOK,settled
T003286,2026-03-21,M054,451.02,USD,settled
T003287,2026-03-21,M025,70.09,GBP,settled
T003288,2026-03-21,M006,389.17,EUR,settled
T003289,2026-03-21,M043,163.03,EUR,settled
T003290,2026-03-21,M020,51.85,EUR,pending
T003291,2026-03-21,M050,115.37,USD,settled
T003292,2026-03-21,M021,17269.54,EUR,settled
T003293,2026-03-21,M021,20.52,EUR,failed
T003294,2026-03-21,M051,194.02,EUR,settled
T003295,2026-03-21,M047,437.64,EUR,settled
T003296,2026-03-21,M055,99.78,EUR,settled
T003297,2026-03-21,M043,95.30,EUR,settled
T003298,2026-03-21,M014,203.66,EUR,settled
T003299,2026-03-21,M034,1983.99,EUR,settled
T003300,2026-03-21,M028,306.07,EUR,pending
T003301,2026-03-21,M005,11.08,GBP,settled
T003302,2026-03-21,M057,72.25,EUR,pending
T003303,2026-03-21,M038,309.49,EUR,settled
T003304,2026-03-21,M045,17.66,EUR,settled
T003305,2026-03-21,M034,-2645.86,EUR,settled
T003306,2026-03-21,M008,23.82,EUR,settled
T003307,2026-03-21,M016,12.65,EUR,settled
T003308,2026-03-21,M027,96.33,SEK,settled
T003309,2026-03-21,M011,73.80,EUR,pending
T003310,2026-03-21,M051,321.72,EUR,settled
T003311,2026-03-21,M019,309.42,NOK,settled
T003312,2026-03-21,M041,621.25,EUR,pending
T003313,2026-03-21,M027,23.00,SEK,settled
T003314,2026-03-21,M021,9.43,EUR,settled
T003315,2026-03-21,M050,45.73,USD,settled
T003316,2026-03-21,M016,402.19,EUR,failed
T003317,2026-03-21,M014,31.28,EUR,settled
T003318,2026-03-21,M025,1182.14,GBP,settled
T003319,2026-03-21,M005,189.05,GBP,pending
T003320,2026-03-21,M052,127.64,NOK,settled
T003321,2026-03-21,M022,37.42,EUR,settled
T003322,2026-03-21,M004,65.16,EUR,settled
T003323,2026-03-21,M058,116.74,USD,settled
T003324,2026-03-21,M011,211.70,EUR,settled
T003325,2026-03-21,M013,238.86,USD,settled
T003326,2026-03-21,M029,26.56,NOK,pending
T003327,2026-03-21,M046,269.49,USD,settled
T003328,2026-03-21,M019,129.26,NOK,settled
T003329,2026-03-21,M026,398.23,EUR,settled
T003330,2026-03-21,M029,7.17,NOK,settled
T003331,2026-03-21,M023,17.45,USD,settled
T003332,2026-03-21,M018,2729.72,EUR,settled
T003333,2026-03-21,M057,152.80,EUR,settled
T003334,2026-03-21,M049,67.11,EUR,settled
T003335,2026-03-21,M051,20.83,EUR,settled
T003336,2026-03-21,M005,105.53,GBP,settled
T003337,2026-03-21,M045,26.89,EUR,settled
T003338,2026-03-21,M042,16.08,USD,settled
T003339,2026-03-21,M003,86.21,USD,settled
T003339,2026-03-21,M003,86.21,USD,settled
T003340,2026-03-21,M010,238.86,EUR,settled
T003341,2026-03-21,M016,355.74,EUR,settled
T003342,2026-03-21,M039,21.55,NOK,pending
T003343,2026-03-21,M054,62.25,USD,settled
T003344,2026-03-21,M013,42.38,USD,settled
T003345,2026-03-21,M045,(4.61),EUR,settled
T003346,2026-03-21,M051,28.79,EUR,failed
T003347,2026-03-21,M013,5130.25,USD,settled
T003348,2026-03-21,M018,49.24,EUR,settled
T003349,2026-03-21,M054,209.88,USD,settled
T003350,2026-03-21,M008,3246.64,EUR,settled
T003351,2026-03-21,M031,169.63,EUR,settled
T003352,2026-03-21,M046,67.94,USD,settled
T003353,2026-03-21,M018,119.02,EUR,settled
T003354,2026-03-21,M044,81.02,NOK,settled
T003355,2026-03-21,M003,33.80,USD,settled
T003356,2026-03-21,M049,92.03,EUR,settled
T003357,2026-03-22,M017,78.15,SEK,settled
T003358,2026-03-22,M052,18.35,NOK,settled
T003359,2026-03-22,M010,5.31,EUR,failed
T003360,2026-03-22,M007,190.46,SEK,pending
T003361,2026-03-22,M019,21.28,NOK,settled
T003362,2026-03-22,M058,41.15,USD,settled
T003363,2026-03-22,M040,-206.13,EUR,settled
T003364,2026-03-22,M054,135.10,USD,settled
T003365,2026-03-22,M043,66.87,EUR,settled
T003366,2026-03-22,M050,"1,081.81",USD,failed
T003367,2026-03-22,M058,148.84,USD,settled
T003368,2026-03-22,M032,724.53,EUR,settled
T003369,2026-03-22,M054,37.94,USD,settled
T003370,2026-03-22,M008,222.21,EUR,settled
T003371,2026-03-22,M017,83.04,SEK,settled
T003372,2026-03-22,M031,496.50,EUR,settled
T003373,2026-03-22,M044,55.33,NOK,settled
T003374,2026-03-22,M016,1272.83,EUR,settled
T003375,2026-03-22,M013,183.40,USD,failed
T003376,2026-03-22,M049,700.72,EUR,settled
T003377,2026-03-22,M058,318.87,USD,settled
T003378,2026-03-22,M012,72.40,EUR,settled
T003379,2026-03-22,M033,898.56,USD,settled
T003380,2026-03-22,M041,429.65,EUR,settled
T003381,2026-03-22,M025,1142.39,GBP,settled
T003382,2026-03-22,M007,37.36,SEK,settled
T003383,2026-03-22,M016,146.98,EUR,settled
T003384,2026-03-22,M058,32.75,USD,settled
T003385,2026-03-22,M012,1568.37,EUR,settled
T003386,2026-03-22,M041,36.37,EUR,settled
T003387,2026-03-22,M047,399.54,EUR,pending
T003388,2026-03-22,M003,2885.72,USD,settled
T003389,2026-03-22,M041,414.82,EUR,settled
T003390,2026-03-22,M037,-9.74,SEK,settled
T003391,2026-03-22,M034,103.89,EUR,settled
T003392,2026-03-22,M001,549.87,EUR,settled
T003393,2026-03-22,M032,93.67,EUR,settled
T003394,2026-03-22,M003,124.15,USD,settled
T003395,2026-03-22,M013,79.75,USD,settled
T003396,2026-03-22,M053,49.11,EUR,pending
T003397,2026-03-22,M019,68.40,NOK,settled
T003398,2026-03-22,M024,63.36,EUR,pending
T003399,2026-03-22,M006,-203.08,EUR,settled
T003400,2026-03-22,M042,82.20,USD,settled
T003401,2026-03-22,M029,35.49,NOK,settled
T003402,2026-03-22,M053,579.89,EUR,settled
T003403,2026-03-22,M054,869.87,USD,settled
T003404,2026-03-22,M039,6007.66,NOK,failed
T003404,2026-03-22,M039,6007.66,NOK,failed
T003405,2026-03-22,M038,60.20,EUR,settled
T003406,2026-03-22,M053,85.79,EUR,settled
T003407,2026-03-22,M002,130.49,EUR,settled
T003408,2026-03-22,M035,31.24,GBP,settled
T003409,2026-03-22,M008,259.79,EUR,settled
T003410,2026-03-22,M029,346.03,NOK,settled
T003411,2026-03-22,M044,269.80,NOK,settled
T003412,2026-03-22,M023,147.41,USD,failed
T003413,2026-03-22,M018,2344.36,EUR,settled
T003414,2026-03-22,M039,3466.35,NOK,settled
T003415,2026-03-22,M036,53.69,EUR,settled
T003416,2026-03-22,M039,48.83,NOK,settled
T003417,2026-03-22,M028,113.12,EUR,settled
T003418,2026-03-22,M057,218.25,EUR,settled
T003419,2026-03-22,M032,28.74,EUR,settled
T003420,2026-03-22,M028,127.88,EUR,settled
T003421,2026-03-22,M047,703.72,EUR,settled
T003422,2026-03-22,M011,234.41,EUR,settled
T003423,2026-03-22,M060,90.13,NOK,settled
T003424,2026-03-22,M024,93.85,EUR,settled
T003424,2026-03-22,M024,93.85,EUR,settled
T003425,2026-03-22,M015,13.60,GBP,settled
T003426,2026-03-22,M041,(889.94),EUR,settled
T003427,2026-03-22,M057,199.61,EUR,settled
T003428,2026-03-22,M056,(79.23),NOK,pending
T003429,2026-03-22,M030,243.04,EUR,settled
T003430,2026-03-22,M057,3.08,EUR,settled
T003431,2026-03-22,M027,18.06,SEK,settled
T003432,2026-03-22,M021,75.95,EUR,settled
T003433,2026-03-23,M053,153.01,EUR,pending
T003434,2026-03-23,M021,77.22,EUR,settled
T003435,2026-03-23,M012,1228.72,EUR,settled
T003436,2026-03-23,M035,40.42,GBP,settled
T003437,2026-03-23,M052,"1,089.59",NOK,settled
T003438,2026-03-23,M030,3.44,EUR,settled
T003439,2026-03-23,M013,47.84,USD,settled
T003440,2026-03-23,M058,259.73,USD,settled
T003441,2026-03-23,M014,36.58,EUR,settled
T003442,2026-03-23,M001,128.04,EUR,settled
T003443,2026-03-23,M028,78.61,EUR,settled
T003444,2026-03-23,M044,(13.63),NOK,settled
T003445,2026-03-23,M028,361.64,EUR,settled
T003446,2026-03-23,M055,132.34,EUR,settled
T003447,2026-03-23,M017,201.69,SEK,settled
T003448,2026-03-23,M035,41.85,GBP,settled
T003449,2026-03-23,M021,166.48,EUR,settled
T003450,2026-03-23,M046,"5,867.01",USD,settled
T003451,2026-03-23,M054,817.36,USD,settled
T003452,2026-03-23,M032,58.85,EUR,settled
T003453,2026-03-23,M059,340.82,EUR,settled
T003454,2026-03-23,M007,89.70,SEK,settled
T003455,2026-03-23,M053,91.94,EUR,settled
T003456,2026-03-23,M012,50.12,EUR,settled
T003457,2026-03-23,M049,"1,853.59",EUR,settled
T003458,2026-03-23,M019,569.78,NOK,settled
T003459,2026-03-23,M007,46.72,SEK,settled
T003460,2026-03-23,M059,124.30,EUR,settled
T003461,2026-03-23,M060,3.93,NOK,settled
T003462,2026-03-23,M020,201.23,EUR,settled
T003463,2026-03-23,M005,1783.32,GBP,settled
T003464,2026-03-23,M002,10.31,EUR,settled
T003465,2026-03-23,M058,387.85,USD,settled
T003466,2026-03-23,M045,50.40,EUR,settled
T003467,2026-03-23,M057,6.15,EUR,settled
T003468,2026-03-23,M031,230.87,EUR,settled
T003469,2026-03-23,M017,3.60,SEK,settled
T003470,2026-03-23,M034,3819.63,EUR,settled
T003471,2026-03-23,M022,100.99,EUR,settled
T003472,2026-03-23,M022,81.90,EUR,settled
T003473,2026-03-23,M022,314.58,EUR,settled
T003474,2026-03-23,M051,"2,534.56",EUR,settled
T003475,2026-03-23,M005,183.67,GBP,settled
T003476,2026-03-23,M013,90.24,USD,failed
T003477,2026-03-23,M023,280.11,USD,pending
T003478,2026-03-23,M049,(166.20),EUR,settled
T003479,2026-03-23,M030,483.16,EUR,settled
T003480,2026-03-23,M045,17.72,EUR,settled
T003481,2026-03-23,M003,44.43,USD,settled
T003481,2026-03-23,M003,44.43,USD,settled
T003482,2026-03-23,M017,36.69,SEK,pending
T003483,2026-03-23,M002,59.97,EUR,failed
T003484,2026-03-23,M013,1472.36,USD,settled
T003485,2026-03-23,M058,12.89,USD,settled
T003486,2026-03-23,M054,40.10,USD,settled
T003487,2026-03-23,M050,640.22,USD,settled
T003488,2026-03-23,M043,137.91,EUR,settled
T003489,2026-03-23,M028,410.81,EUR,settled
T003490,2026-03-23,M016,71.12,EUR,settled
T003491,2026-03-23,M002,137.94,EUR,settled
T003492,2026-03-23,M012,800.79,EUR,settled
T003493,2026-03-23,M019,115.63,NOK,settled
T003494,2026-03-23,M046,273.33,USD,settled
T003495,2026-03-23,M010,211.78,EUR,settled
T003496,2026-03-23,M025,85.13,GBP,settled
T003497,2026-03-23,M059,55.29,EUR,settled
T003498,2026-03-23,M046,(604.93),USD,settled
T003499,2026-03-23,M053,232.50,EUR,settled
T003500,2026-03-23,M008,5.61,EUR,settled
T003501,2026-03-23,M022,66.96,EUR,pending
T003502,2026-03-23,M013,17.08,USD,pending
T003503,2026-03-23,M010,38.64,EUR,settled
T003504,2026-03-23,M040,22.25,EUR,settled
T003505,2026-03-23,M042,3.00,USD,settled
T003506,2026-03-23,M034,138.64,EUR,settled
T003507,2026-03-23,M036,135.97,EUR,settled
T003508,2026-03-23,M016,147.48,EUR,settled
T003509,2026-03-23,M018,37.78,EUR,settled
T003510,2026-03-23,M040,155.81,EUR,settled
T003511,2026-03-23,M012,30.87,EUR,settled
T003512,2026-03-23,M025,690.20,GBP,settled
T003513,2026-03-23,M040,1623.71,EUR,settled
T003514,2026-03-23,M006,12.79,EUR,settled
T003515,2026-03-23,M046,234.39,USD,settled
T003516,2026-03-23,M057,"1,031.77",EUR,settled
T003517,2026-03-23,M012,196.41,EUR,settled
T003518,2026-03-23,M017,126.55,SEK,settled
T003518,2026-03-23,M017,126.55,SEK,settled
T003519,2026-03-23,M023,870.08,USD,failed
T003520,2026-03-23,M045,28.76,EUR,settled
T003521,2026-03-23,M008,591.88,EUR,settled
T003522,2026-03-23,M006,64.99,EUR,settled
T003523,2026-03-23,M048,199.54,NOK,settled
T003524,2026-03-23,M046,25.60,USD,settled
T003525,2026-03-23,M024,743.67,EUR,settled
T003526,2026-03-23,M041,55.53,EUR,settled
T003527,2026-03-23,M020,411.46,EUR,settled
T003528,2026-03-23,M024,236.29,EUR,settled
T003529,2026-03-23,M007,168.09,SEK,settled
T003530,2026-03-23,M027,40.02,SEK,settled
T003531,2026-03-23,M055,21.84,EUR,settled
T003532,2026-03-23,M014,347.24,EUR,settled
T003533,2026-03-23,M036,142.92,EUR,settled
T003534,2026-03-23,M008,12.93,EUR,settled
T003535,2026-03-23,M033,22.19,USD,pending
T003536,2026-03-23,M008,24.23,EUR,settled
T003537,2026-03-23,M045,75.10,EUR,pending
T003538,2026-03-23,M017,65.02,SEK,settled
T003539,2026-03-23,M018,4.77,EUR,pending
T003540,2026-03-23,M022,55.95,EUR,settled
T003541,2026-03-23,M046,33.00,USD,settled
T003542,2026-03-23,M031,78.25,EUR,settled
T003543,2026-03-23,M044,29.55,NOK,settled
T003544,2026-03-23,M040,50.18,EUR,settled
T003545,2026-03-23,M044,399.61,NOK,settled
T003546,2026-03-23,M022,469.69,EUR,settled
T003547,2026-03-23,M052,64.68,NOK,settled
T003548,2026-03-23,M049,596.28,EUR,settled
T003549,2026-03-23,M004,22.53,EUR,failed
T003550,2026-03-23,M012,1762.38,EUR,settled
T003551,2026-03-23,M047,266.90,EUR,settled
T003552,2026-03-23,M016,604.95,EUR,settled
T003553,2026-03-23,M029,33.84,NOK,settled
T003554,2026-03-23,M056,108.18,NOK,settled
T003555,2026-03-23,M044,367.99,NOK,settled
T003556,2026-03-23,M009,290.77,NOK,settled
T003557,2026-03-23,M048,22.74,NOK,settled
T003558,2026-03-23,M050,38.41,USD,pending
T003559,2026-03-23,M005,222.98,GBP,settled
T003560,2026-03-23,M050,21.41,USD,settled
T003561,2026-03-23,M040,40.16,EUR,failed
T003562,2026-03-23,M022,-509.29,EUR,settled
T003563,2026-03-23,M038,155.46,EUR,settled
T003564,2026-03-23,M024,636.98,EUR,settled
T003565,2026-03-23,M008,154.51,EUR,settled
T003566,2026-03-23,M040,58.15,EUR,settled
T003567,2026-03-23,M041,30.96,EUR,settled
T003568,2026-03-23,M016,240.23,EUR,pending
T003569,2026-03-23,M053,90.66,EUR,settled
T003570,2026-03-23,M046,47.64,USD,settled
T003571,2026-03-23,M023,156.58,USD,pending
T003572,2026-03-23,M001,81.01,EUR,settled
T003573,2026-03-23,M046,"1,633.97",USD,settled
T003574,2026-03-23,M049,"2,004.90",EUR,settled
T003575,2026-03-23,M056,324.25,NOK,settled
T003576,2026-03-23,M012,3.42,EUR,pending
T003577,2026-03-23,M043,71.90,EUR,settled
T003578,2026-03-23,M003,4.74,USD,settled
T003579,2026-03-23,M055,(63.40),EUR,settled
T003580,2026-03-23,M023,159.31,USD,settled
T003581,2026-03-23,M013,148.33,USD,settled
T003582,2026-03-23,M015,70.94,GBP,settled
T003583,2026-03-23,M037,327.25,SEK,settled
T003584,2026-03-23,M017,41.22,SEK,settled
T003585,2026-03-23,M040,132.10,EUR,settled
T003586,2026-03-23,M037,2177.69,SEK,settled
T003587,2026-03-23,M060,140.05,NOK,settled
T003588,2026-03-23,M004,152.46,EUR,settled
T003589,2026-03-23,M003,123.89,USD,settled
T003590,2026-03-23,M034,87.60,EUR,settled
T003591,2026-03-23,M041,88.78,EUR,settled
T003592,2026-03-23,M001,96.24,EUR,settled
T003593,2026-03-23,M058,61.57,USD,pending
T003594,2026-03-23,M014,48.96,EUR,settled
T003595,2026-03-23,M043,53.33,EUR,settled
T003596,2026-03-23,M049,533.84,EUR,pending
T003597,2026-03-23,M032,11.45,EUR,settled
T003598,2026-03-23,M014,31.91,EUR,settled
T003599,2026-03-23,M050,230.48,USD,settled
T003600,2026-03-23,M011,962.81,EUR,settled
T003601,2026-03-23,M017,95.73,SEK,settled
T003602,2026-03-23,M015,92.59,GBP,settled
T003603,2026-03-23,M004,14.00,EUR,settled
T003604,2026-03-23,M002,27.25,EUR,settled
T003605,2026-03-23,M056,301.20,NOK,pending
T003606,2026-03-23,M034,19.03,EUR,settled
T003607,2026-03-23,M049,25.26,EUR,settled
T003608,2026-03-23,M021,220.79,EUR,settled
T003609,2026-03-23,M017,62.80,SEK,pending
T003610,2026-03-23,M006,247.61,EUR,failed
T003611,2026-03-23,M021,14.88,EUR,settled
T003612,2026-03-23,M045,246.21,EUR,settled
T003613,2026-03-23,M058,421.61,USD,settled
T003614,2026-03-23,M010,65.08,EUR,settled
T003615,2026-03-23,M036,192.75,EUR,settled
T003616,2026-03-23,M058,158.04,USD,settled
T003617,2026-03-23,M041,71.68,EUR,settled
T003618,2026-03-23,M052,6.39,NOK,settled
T003619,2026-03-23,M052,(224.95),NOK,settled
T003620,2026-03-23,M052,178.47,NOK,settled
T003621,2026-03-23,M047,264.92,EUR,settled
T003622,2026-03-23,M051,34.47,EUR,settled
T003623,2026-03-23,M026,75.45,EUR,settled
T003624,2026-03-23,M058,25.12,USD,failed
T003625,2026-03-23,M017,3359.05,SEK,settled
T003626,2026-03-23,M016,-35.57,EUR,settled
T003627,2026-03-23,M029,40.26,NOK,settled
T003628,2026-03-23,M034,114.78,EUR,settled
T003629,2026-03-23,M007,344.50,SEK,settled
T003630,2026-03-23,M039,3.63,NOK,settled
T003631,2026-03-23,M053,18.97,EUR,settled
T003632,2026-03-23,M019,2694.24,NOK,settled
T003633,2026-03-23,M056,11.49,NOK,settled
T003634,2026-03-23,M023,28.43,USD,settled
T003635,2026-03-23,M032,99.88,EUR,settled
T003636,2026-03-23,M019,407.53,NOK,settled
T003637,2026-03-23,M026,3232.80,EUR,settled
T003638,2026-03-23,M004,148.79,EUR,settled
T003639,2026-03-23,M038,46.36,EUR,settled
T003640,2026-03-23,M021,233.50,EUR,settled
T003641,2026-03-23,M042,64.58,USD,settled
T003642,2026-03-23,M012,33.17,EUR,pending
T003643,2026-03-23,M011,1227.98,EUR,settled
T003644,2026-03-23,M005,210.47,GBP,pending
T003644,2026-03-23,M005,210.47,GBP,pending
T003645,2026-03-23,M020,45.71,EUR,settled
T003646,2026-03-23,M007,179.92,SEK,settled
T003647,2026-03-24,M059,(3.85),EUR,settled
T003648,2026-03-24,M011,2.90,EUR,settled
T003649,2026-03-24,M001,-46.94,EUR,settled
T003650,2026-03-24,M018,54.02,EUR,settled
T003651,2026-03-24,M005,35.00,GBP,settled
T003652,2026-03-24,M032,15.68,EUR,settled
T003653,2026-03-24,M052,217.49,NOK,settled
T003654,2026-03-24,M045,721.78,EUR,settled
T003655,2026-03-24,M051,113.17,EUR,settled
T003656,2026-03-24,M053,28.91,EUR,settled
T003657,2026-03-24,M030,717.59,EUR,settled
T003658,2026-03-24,M060,38.26,NOK,settled
T003659,2026-03-24,M012,76.21,EUR,pending
T003660,2026-03-24,M023,91.47,USD,settled
T003661,2026-03-24,M013,196.90,USD,settled
T003662,2026-03-24,M027,223.98,SEK,settled
T003663,2026-03-24,M031,-591.44,EUR,settled
T003664,2026-03-24,M007,85.30,SEK,settled
T003665,2026-03-24,M041,175.38,EUR,settled
T003666,2026-03-24,M014,64.23,EUR,settled
T003667,2026-03-24,M039,8.91,NOK,settled
T003668,2026-03-24,M037,373.55,SEK,settled
T003669,2026-03-24,M009,572.39,NOK,settled
T003670,2026-03-24,M050,159.06,USD,settled
T003671,2026-03-24,M035,129.61,GBP,settled
T003672,2026-03-24,M028,388.15,EUR,settled
T003673,2026-03-24,M043,62.02,EUR,settled
T003674,2026-03-24,M055,17.73,EUR,settled
T003675,2026-03-24,M027,535.35,SEK,pending
T003676,2026-03-24,M024,1333.58,EUR,pending
T003677,2026-03-24,M042,110.94,USD,settled
T003678,2026-03-24,M029,147.45,NOK,settled
T003679,2026-03-24,M008,99.40,EUR,settled
T003680,2026-03-24,M029,209.21,NOK,settled
T003681,2026-03-24,M055,14.48,EUR,failed
T003682,2026-03-24,M020,67.64,EUR,settled
T003683,2026-03-24,M045,42.30,EUR,settled
T003684,2026-03-24,M057,90.87,EUR,settled
T003685,2026-03-24,M002,16.41,EUR,settled
T003686,2026-03-24,M047,29.56,EUR,failed
T003687,2026-03-24,M009,55.45,NOK,settled
T003688,2026-03-24,M040,143.80,EUR,settled
T003689,2026-03-24,M037,15.74,SEK,settled
T003690,2026-03-24,M024,498.01,EUR,settled
T003691,2026-03-24,M057,376.96,EUR,settled
T003692,2026-03-24,M004,5.62,EUR,settled
T003693,2026-03-24,M036,147.01,EUR,settled
T003694,2026-03-24,M034,78.03,EUR,settled
T003695,2026-03-24,M029,3290.51,NOK,pending
T003696,2026-03-24,M043,9.68,EUR,pending
T003697,2026-03-24,M057,78.15,EUR,pending
T003698,2026-03-24,M037,74.24,SEK,settled
T003699,2026-03-24,M044,245.25,NOK,settled
T003700,2026-03-24,M027,1135.76,SEK,settled
T003701,2026-03-24,M034,114.73,EUR,settled
T003702,2026-03-24,M036,101.25,EUR,settled
T003703,2026-03-24,M029,398.89,NOK,settled
T003703,2026-03-24,M029,398.89,NOK,settled
T003704,2026-03-24,M005,300.33,GBP,settled
T003705,2026-03-24,M036,118.45,EUR,settled
T003706,2026-03-24,M014,-22.45,EUR,settled
T003707,2026-03-24,M054,24.71,USD,settled
T003708,2026-03-24,M039,106.27,NOK,settled
T003708,2026-03-24,M039,106.27,NOK,settled
T003709,2026-03-24,M048,"2,071.49",NOK,settled
T003710,2026-03-24,M050,69.23,USD,settled
T003711,2026-03-24,M046,153.13,USD,settled
T003712,2026-03-24,M015,53.37,GBP,settled
T003713,2026-03-24,M036,73.32,EUR,failed
T003714,2026-03-24,M043,58.48,EUR,settled
T003715,2026-03-24,M018,6126.40,EUR,settled
T003716,2026-03-24,M056,110.45,NOK,settled
T003717,2026-03-24,M056,340.16,NOK,failed
T003718,2026-03-24,M012,621.36,EUR,settled
T003719,2026-03-24,M048,802.28,NOK,settled
T003720,2026-03-24,M028,406.62,EUR,settled
T003721,2026-03-24,M009,999.25,NOK,settled
T003722,2026-03-24,M060,60.69,NOK,settled
T003723,2026-03-24,M027,5872.80,SEK,settled
T003724,2026-03-24,M056,63.13,NOK,settled
T003725,2026-03-24,M051,283.53,EUR,settled
T003726,2026-03-24,M003,149.20,USD,settled
T003727,2026-03-24,M037,20.25,SEK,settled
T003728,2026-03-24,M021,2.71,EUR,failed
T003729,2026-03-24,M058,329.23,USD,pending
T003730,2026-03-24,M010,-988.97,EUR,settled
T003731,2026-03-24,M052,254.64,NOK,settled
T003732,2026-03-24,M013,10.38,USD,settled
T003733,2026-03-24,M021,738.81,EUR,settled
T003734,2026-03-24,M014,81.82,EUR,settled
T003735,2026-03-24,M059,359.28,EUR,settled
T003736,2026-03-24,M057,573.53,EUR,settled
T003737,2026-03-24,M054,750.30,USD,settled
T003738,2026-03-24,M025,239.54,GBP,settled
T003739,2026-03-24,M059,18.97,EUR,settled
T003740,2026-03-24,M023,60.80,USD,settled
T003741,2026-03-24,M030,272.71,EUR,pending
T003742,2026-03-24,M052,167.38,NOK,settled
T003743,2026-03-24,M038,415.44,EUR,settled
T003744,2026-03-24,M042,"1,878.36",USD,settled
T003745,2026-03-24,M038,370.35,EUR,settled
T003746,2026-03-24,M023,736.78,USD,settled
T003747,2026-03-24,M059,580.34,EUR,settled
T003748,2026-03-24,M005,7436.00,GBP,settled
T003749,2026-03-24,M032,20.49,EUR,settled
T003750,2026-03-24,M056,4.09,NOK,settled
T003751,2026-03-24,M033,236.11,USD,settled
T003752,2026-03-24,M045,86.98,EUR,settled
T003753,2026-03-24,M053,248.51,EUR,settled
T003754,2026-03-24,M001,576.02,EUR,settled
T003755,2026-03-24,M010,5.85,EUR,settled
T003756,2026-03-24,M054,47.22,USD,settled
T003757,2026-03-24,M033,215.66,USD,settled
T003758,2026-03-24,M030,1855.61,EUR,settled
T003759,2026-03-24,M048,"3,709.57",NOK,settled
T003760,2026-03-24,M025,179.36,GBP,settled
T003761,2026-03-24,M007,196.95,SEK,settled
T003762,2026-03-24,M009,-34.62,NOK,settled
T003763,2026-03-24,M036,266.87,EUR,settled
T003764,2026-03-24,M015,279.77,GBP,settled
T003765,2026-03-24,M038,4226.88,EUR,pending
T003766,2026-03-24,M033,64.84,USD,settled
T003767,2026-03-24,M020,12.54,EUR,settled
T003768,2026-03-24,M026,131.34,EUR,failed
T003769,2026-03-24,M051,(56.51),EUR,settled
T003770,2026-03-24,M009,551.40,NOK,settled
T003771,2026-03-24,M025,6.52,GBP,settled
T003772,2026-03-24,M023,180.74,USD,failed
T003773,2026-03-24,M051,368.68,EUR,settled
T003774,2026-03-24,M005,164.50,GBP,pending
T003775,2026-03-24,M037,87.42,SEK,settled
T003776,2026-03-24,M051,35.67,EUR,settled
T003777,2026-03-24,M037,108.12,SEK,settled
T003778,2026-03-24,M011,834.66,EUR,settled
T003779,2026-03-24,M028,26.35,EUR,settled
T003780,2026-03-24,M011,145.40,EUR,settled
T003781,2026-03-24,M009,709.41,NOK,failed
T003782,2026-03-24,M060,46.31,NOK,settled
T003783,2026-03-24,M034,149.67,EUR,pending
T003784,2026-03-24,M048,82.09,NOK,settled
T003785,2026-03-24,M043,135.29,EUR,settled
T003786,2026-03-24,M017,112.63,SEK,settled
T003787,2026-03-24,M046,"1,636.21",USD,settled
T003788,2026-03-24,M009,78.43,NOK,settled
T003789,2026-03-24,M012,253.31,EUR,settled
T003790,2026-03-24,M018,170.66,EUR,settled
T003791,2026-03-24,M042,77.99,USD,settled
T003792,2026-03-24,M027,18.38,SEK,settled
T003793,2026-03-24,M017,39.12,SEK,settled
T003794,2026-03-24,M056,93.90,NOK,settled
T003795,2026-03-24,M039,587.32,NOK,settled
T003796,2026-03-24,M013,246.51,USD,settled
T003797,2026-03-24,M057,109.72,EUR,settled
T003798,2026-03-24,M059,30.79,EUR,pending
T003799,2026-03-24,M040,135.70,EUR,settled
T003800,2026-03-24,M011,216.46,EUR,settled
T003801,2026-03-24,M060,300.93,NOK,failed
T003802,2026-03-24,M049,45.93,EUR,settled
T003803,2026-03-24,M038,50.87,EUR,settled
T003804,2026-03-24,M006,-164.36,EUR,settled
T003805,2026-03-24,M049,82.25,EUR,pending
T003806,2026-03-24,M025,451.94,GBP,settled
T003807,2026-03-24,M030,242.01,EUR,settled
T003808,2026-03-24,M006,33.93,EUR,settled
T003809,2026-03-24,M008,208.97,EUR,settled
T003810,2026-03-24,M011,31.01,EUR,settled
T003811,2026-03-24,M022,212.18,EUR,settled
T003812,2026-03-24,M024,391.70,EUR,settled
T003813,2026-03-24,M007,345.25,SEK,settled
T003814,2026-03-24,M014,340.64,EUR,settled
T003815,2026-03-24,M003,154.56,USD,settled
T003816,2026-03-24,M051,48.21,EUR,pending
T003817,2026-03-24,M057,76.64,EUR,settled
T003818,2026-03-24,M051,150.84,EUR,failed
T003819,2026-03-24,M030,262.15,EUR,pending
T003820,2026-03-24,M021,285.52,EUR,failed
T003821,2026-03-24,M027,953.76,SEK,settled
T003822,2026-03-24,M006,41.77,EUR,pending
T003823,2026-03-24,M046,422.90,USD,settled
T003824,2026-03-24,M026,53.13,EUR,settled
T003825,2026-03-24,M001,194.97,EUR,settled
T003826,2026-03-24,M021,189.48,EUR,settled
T003827,2026-03-24,M021,152.41,EUR,settled
T003828,2026-03-24,M013,69.40,USD,settled
T003829,2026-03-24,M037,43.24,SEK,settled
T003830,2026-03-24,M011,51.16,EUR,settled
T003831,2026-03-24,M007,92.52,SEK,settled
T003832,2026-03-24,M058,(245.11),USD,settled
T003833,2026-03-24,M009,45.66,NOK,settled
T003834,2026-03-24,M027,430.67,SEK,settled
T003835,2026-03-24,M059,54.82,EUR,settled
T003836,2026-03-24,M052,7.41,NOK,settled
T003837,2026-03-24,M028,1131.16,EUR,pending
T003838,2026-03-24,M016,301.32,EUR,failed
T003839,2026-03-24,M050,426.38,USD,settled
T003840,2026-03-24,M003,52.09,USD,pending
T003841,2026-03-24,M023,42.31,USD,settled
T003842,2026-03-24,M016,33.61,EUR,settled
T003843,2026-03-24,M010,325.14,EUR,settled
T003844,2026-03-24,M006,22.26,EUR,settled
T003845,2026-03-24,M014,526.59,EUR,pending
T003845,2026-03-24,M014,526.59,EUR,pending
T003846,2026-03-24,M010,116.35,EUR,settled
T003847,2026-03-24,M044,"1,646.78",NOK,settled
T003848,2026-03-24,M040,205.28,EUR,settled
T003849,2026-03-24,M019,239.96,NOK,settled
T003850,2026-03-24,M052,20.74,NOK,settled
T003851,2026-03-25,M026,387.85,EUR,settled
T003852,2026-03-25,M017,18.12,SEK,settled
T003853,2026-03-25,M033,71.45,USD,settled
T003854,2026-03-25,M007,109.69,SEK,settled
T003855,2026-03-25,M011,271.00,EUR,settled
T003856,2026-03-25,M039,1068.67,NOK,settled
T003857,2026-03-25,M013,110.03,USD,settled
T003858,2026-03-25,M019,43.28,NOK,settled
T003859,2026-03-25,M002,304.81,EUR,settled
T003860,2026-03-25,M059,56.33,EUR,settled
T003861,2026-03-25,M030,206.82,EUR,settled
T003862,2026-03-25,M049,56.00,EUR,settled
T003863,2026-03-25,M032,430.81,EUR,settled
T003864,2026-03-25,M026,547.36,EUR,settled
T003865,2026-03-25,M029,63.28,NOK,settled
T003866,2026-03-25,M023,149.18,USD,settled
T003867,2026-03-25,M002,40.63,EUR,settled
T003868,2026-03-25,M036,27.61,EUR,settled
T003869,2026-03-25,M048,181.96,NOK,settled
T003870,2026-03-25,M039,137.76,NOK,settled
T003871,2026-03-25,M046,157.16,USD,settled
T003872,2026-03-25,M057,416.08,EUR,settled
T003873,2026-03-25,M027,18.93,SEK,settled
T003874,2026-03-25,M051,850.99,EUR,settled
T003875,2026-03-25,M056,92.89,NOK,settled
T003876,2026-03-25,M030,12.87,EUR,settled
T003877,2026-03-25,M032,74.15,EUR,settled
T003878,2026-03-25,M004,479.53,EUR,settled
T003879,2026-03-25,M028,61.97,EUR,settled
T003880,2026-03-25,M040,116.23,EUR,settled
T003881,2026-03-25,M019,87.23,NOK,settled
T003882,2026-03-25,M014,104.99,EUR,settled
T003883,2026-03-25,M023,76.88,USD,settled
T003884,2026-03-25,M022,49.89,EUR,settled
T003885,2026-03-25,M041,100.13,EUR,settled
T003886,2026-03-25,M010,77.51,EUR,settled
T003887,2026-03-25,M055,(111.75),EUR,settled
T003888,2026-03-25,M057,147.91,EUR,settled
T003889,2026-03-25,M042,18.10,USD,settled
T003890,2026-03-25,M040,58.13,EUR,settled
T003891,2026-03-25,M039,20.48,NOK,settled
T003891,2026-03-25,M039,20.48,NOK,settled
T003892,2026-03-25,M047,28.38,EUR,settled
T003893,2026-03-25,M037,39.86,SEK,settled
T003894,2026-03-25,M029,213.68,NOK,settled
T003895,2026-03-25,M012,1277.07,EUR,settled
T003896,2026-03-25,M029,89.35,NOK,settled
T003897,2026-03-25,M046,693.73,USD,settled
T003898,2026-03-25,M020,112.41,EUR,failed
T003899,2026-03-25,M031,94.68,EUR,settled
T003900,2026-03-25,M042,741.04,USD,settled
T003901,2026-03-25,M022,16.17,EUR,settled
T003902,2026-03-25,M003,328.45,USD,settled
T003903,2026-03-25,M053,204.26,EUR,settled
T003904,2026-03-25,M051,61.81,EUR,settled
T003905,2026-03-25,M009,30.48,NOK,settled
T003906,2026-03-25,M009,563.18,NOK,failed
T003907,2026-03-25,M034,51.78,EUR,settled
T003908,2026-03-25,M019,153.07,NOK,settled
T003909,2026-03-25,M037,279.97,SEK,settled
T003910,2026-03-25,M016,489.43,EUR,settled
T003911,2026-03-25,M004,137.13,EUR,settled
T003912,2026-03-25,M004,485.60,EUR,settled
T003913,2026-03-25,M044,140.50,NOK,settled
T003914,2026-03-25,M048,131.37,NOK,failed
T003915,2026-03-25,M051,38.25,EUR,settled
T003916,2026-03-25,M037,71.56,SEK,settled
T003917,2026-03-25,M029,56.21,NOK,settled
T003918,2026-03-25,M011,119.39,EUR,settled
T003919,2026-03-25,M028,380.41,EUR,failed
T003920,2026-03-25,M050,12.50,USD,settled
T003921,2026-03-25,M004,2.68,EUR,settled
T003922,2026-03-25,M024,333.66,EUR,pending
T003923,2026-03-25,M042,92.99,USD,settled
T003924,2026-03-25,M016,77.36,EUR,settled
T003925,2026-03-25,M042,900.69,USD,settled
T003926,2026-03-25,M010,889.29,EUR,settled
T003927,2026-03-25,M051,73.76,EUR,settled
T003928,2026-03-25,M009,235.52,NOK,failed
T003929,2026-03-25,M054,118.59,USD,settled
T003930,2026-03-25,M059,599.28,EUR,settled
T003931,2026-03-25,M041,70.59,EUR,pending
T003932,2026-03-25,M032,21.17,EUR,settled
T003933,2026-03-25,M013,20.35,USD,settled
T003933,2026-03-25,M013,20.35,USD,settled
T003934,2026-03-25,M031,369.75,EUR,settled
T003935,2026-03-25,M030,504.58,EUR,settled
T003936,2026-03-25,M060,121.28,NOK,settled
T003937,2026-03-25,M031,45.45,EUR,settled
T003938,2026-03-25,M033,769.84,USD,settled
T003939,2026-03-25,M040,85.98,EUR,settled
T003940,2026-03-25,M022,53.18,EUR,settled
T003941,2026-03-25,M040,65.33,EUR,settled
T003942,2026-03-25,M039,53.00,NOK,settled
T003943,2026-03-25,M012,36.05,EUR,settled
T003944,2026-03-25,M053,37.17,EUR,settled
T003945,2026-03-25,M018,89.84,EUR,settled
T003946,2026-03-25,M041,125.95,EUR,settled
T003947,2026-03-25,M037,73.70,SEK,failed
T003947,2026-03-25,M037,73.70,SEK,failed
T003948,2026-03-25,M052,125.20,NOK,pending
T003949,2026-03-25,M050,13.59,USD,settled
T003950,2026-03-25,M025,2.12,GBP,settled
T003951,2026-03-25,M050,(240.50),USD,settled
T003952,2026-03-25,M006,77.24,EUR,settled
T003953,2026-03-25,M044,46.08,NOK,settled
T003954,2026-03-25,M048,370.20,NOK,settled
T003955,2026-03-25,M002,362.47,EUR,settled
T003956,2026-03-25,M010,149.03,EUR,settled
T003957,2026-03-25,M052,18.06,NOK,settled
T003958,2026-03-25,M028,43.82,EUR,pending
T003959,2026-03-25,M035,-296.89,GBP,settled
T003960,2026-03-25,M022,136.68,EUR,settled
T003961,2026-03-25,M037,1858.43,SEK,settled
T003962,2026-03-25,M014,50.71,EUR,pending
T003963,2026-03-25,M057,29.57,EUR,settled
T003964,2026-03-25,M009,93.08,NOK,settled
T003965,2026-03-25,M011,34.44,EUR,failed
T003966,2026-03-25,M011,380.74,EUR,settled
T003967,2026-03-25,M020,79.73,EUR,settled
T003968,2026-03-25,M029,288.92,NOK,settled
T003969,2026-03-25,M026,74.99,EUR,settled
T003970,2026-03-25,M059,108.44,EUR,settled
T003971,2026-03-25,M020,35.93,EUR,settled
T003972,2026-03-25,M036,-383.08,EUR,settled
T003973,2026-03-25,M014,62.24,EUR,settled
T003974,2026-03-25,M040,269.77,EUR,pending
T003975,2026-03-25,M002,908.08,EUR,settled
T003976,2026-03-25,M005,114.08,GBP,settled
T003977,2026-03-25,M016,96.49,EUR,settled
T003978,2026-03-25,M033,186.79,USD,settled
T003979,2026-03-25,M045,(39.46),EUR,settled
T003980,2026-03-25,M020,329.41,EUR,settled
T003981,2026-03-25,M010,55.09,EUR,settled
T003982,2026-03-25,M055,10.37,EUR,settled
T003983,2026-03-25,M043,299.90,EUR,settled
T003984,2026-03-25,M007,1364.41,SEK,pending
T003985,2026-03-25,M035,130.74,GBP,pending
T003986,2026-03-25,M050,89.50,USD,pending
T003987,2026-03-25,M032,121.68,EUR,pending
T003988,2026-03-25,M033,258.23,USD,settled
T003988,2026-03-25,M033,258.23,USD,settled
T003989,2026-03-25,M034,551.22,EUR,settled
T003990,2026-03-25,M052,111.74,NOK,settled
T003991,2026-03-25,M054,784.29,USD,settled
T003992,2026-03-25,M049,51.30,EUR,settled
T003993,2026-03-25,M039,129.86,NOK,settled
T003994,2026-03-25,M046,694.15,USD,settled
T003995,2026-03-25,M031,66.47,EUR,pending
T003996,2026-03-25,M011,93.26,EUR,settled
T003997,2026-03-25,M011,30.79,EUR,settled
T003998,2026-03-25,M049,24.37,EUR,settled
T003999,2026-03-25,M003,1978.19,USD,failed
T004000,2026-03-25,M043,484.52,EUR,settled
T004001,2026-03-25,M008,40.60,EUR,failed
T004002,2026-03-25,M024,653.64,EUR,settled
T004003,2026-03-25,M007,85.71,SEK,settled
T004004,2026-03-25,M003,128.24,USD,settled
T004005,2026-03-25,M042,"1,116.02",USD,settled
T004006,2026-03-25,M019,21.17,NOK,settled
T004007,2026-03-25,M060,49.51,NOK,settled
T004008,2026-03-25,M060,16.14,NOK,settled
T004009,2026-03-25,M015,561.50,GBP,settled
T004010,2026-03-25,M059,198.00,EUR,settled
T004011,2026-03-25,M050,(214.50),USD,settled
T004012,2026-03-25,M057,"1,150.17",EUR,settled
T004013,2026-03-25,M046,29.33,USD,settled
T004014,2026-03-25,M004,142.17,EUR,settled
T004015,2026-03-25,M033,85.52,USD,settled
T004016,2026-03-25,M024,33.24,EUR,settled
T004017,2026-03-25,M034,117.53,EUR,settled
T004018,2026-03-25,M035,21.22,GBP,settled
T004019,2026-03-25,M032,4862.17,EUR,settled
T004020,2026-03-25,M002,96.03,EUR,settled
T004020,2026-03-25,M002,96.03,EUR,settled
T004021,2026-03-25,M012,181.18,EUR,settled
T004022,2026-03-25,M010,229.74,EUR,pending
T004023,2026-03-25,M024,58.59,EUR,settled
T004024,2026-03-25,M042,548.58,USD,settled
T004025,2026-03-25,M001,114.84,EUR,settled
T004026,2026-03-25,M056,185.35,NOK,pending
T004027,2026-03-25,M013,30.18,USD,settled
T004028,2026-03-25,M015,75.91,GBP,settled
T004029,2026-03-25,M034,76.87,EUR,settled
T004030,2026-03-25,M058,424.99,USD,settled
T004031,2026-03-25,M016,163.31,EUR,pending
T004032,2026-03-25,M027,94.15,SEK,settled
T004033,2026-03-25,M028,118.62,EUR,settled
T004034,2026-03-25,M012,12.29,EUR,settled
T004035,2026-03-25,M005,5024.88,GBP,settled
T004036,2026-03-25,M050,(9.08),USD,settled
T004037,2026-03-25,M009,103.19,NOK,settled
T004038,2026-03-25,M059,143.49,EUR,pending
T004039,2026-03-25,M045,197.31,EUR,settled
T004040,2026-03-25,M025,136.33,GBP,settled
T004041,2026-03-25,M028,380.21,EUR,settled
T004042,2026-03-25,M049,94.33,EUR,settled
T004043,2026-03-25,M034,43.13,EUR,settled
T004044,2026-03-25,M036,268.89,EUR,settled
T004045,2026-03-25,M005,56.60,GBP,settled
T004046,2026-03-25,M006,56.02,EUR,settled
T004047,2026-03-25,M005,44.60,GBP,failed
T004048,2026-03-26,M059,16.58,EUR,settled
T004049,2026-03-26,M014,149.30,EUR,settled
T004050,2026-03-26,M006,12.15,EUR,settled
T004051,2026-03-26,M040,257.03,EUR,settled
T004052,2026-03-26,M012,49.86,EUR,settled
T004053,2026-03-26,M002,233.17,EUR,settled
T004054,2026-03-26,M016,430.69,EUR,pending
T004055,2026-03-26,M023,221.56,USD,pending
T004056,2026-03-26,M024,668.07,EUR,settled
T004057,2026-03-26,M019,3.21,NOK,settled
T004058,2026-03-26,M035,47.78,GBP,settled
T004059,2026-03-26,M043,2.13,EUR,settled
T004060,2026-03-26,M029,889.07,NOK,settled
T004061,2026-03-26,M006,329.58,EUR,settled
T004062,2026-03-26,M053,"9,228.87",EUR,failed
T004063,2026-03-26,M015,274.43,GBP,settled
T004064,2026-03-26,M020,477.56,EUR,settled
T004065,2026-03-26,M024,97.01,EUR,settled
T004066,2026-03-26,M029,19.82,NOK,settled
T004067,2026-03-26,M040,14.36,EUR,settled
T004068,2026-03-26,M027,53.95,SEK,settled
T004069,2026-03-26,M028,51.42,EUR,settled
T004070,2026-03-26,M011,-275.60,EUR,settled
T004071,2026-03-26,M029,-63.87,NOK,settled
T004072,2026-03-26,M019,739.51,NOK,settled
T004073,2026-03-26,M011,41.68,EUR,settled
T004074,2026-03-26,M032,15.32,EUR,pending
T004075,2026-03-26,M053,77.15,EUR,settled
T004076,2026-03-26,M037,6.26,SEK,settled
T004077,2026-03-26,M045,58.86,EUR,settled
T004078,2026-03-26,M004,178.79,EUR,settled
T004079,2026-03-26,M027,37.88,SEK,settled
T004080,2026-03-26,M041,72.19,EUR,settled
T004081,2026-03-26,M016,359.20,EUR,settled
T004082,2026-03-26,M060,144.16,NOK,settled
T004083,2026-03-26,M036,205.99,EUR,failed
T004084,2026-03-26,M031,-384.34,EUR,settled
T004085,2026-03-26,M044,467.88,NOK,settled
T004086,2026-03-26,M006,25.18,EUR,settled
T004087,2026-03-26,M038,455.50,EUR,settled
T004088,2026-03-26,M052,86.00,NOK,pending
T004089,2026-03-26,M031,196.60,EUR,settled
T004090,2026-03-26,M036,349.78,EUR,failed
T004091,2026-03-26,M050,25.48,USD,settled
T004092,2026-03-26,M044,54.89,NOK,settled
T004093,2026-03-26,M047,24.22,EUR,settled
T004094,2026-03-26,M019,58.07,NOK,settled
T004095,2026-03-26,M039,312.61,NOK,settled
T004096,2026-03-26,M001,162.46,EUR,settled
T004097,2026-03-26,M026,84.73,EUR,settled
T004098,2026-03-26,M023,104.64,USD,settled
T004099,2026-03-26,M010,76.67,EUR,settled
T004100,2026-03-26,M008,81.05,EUR,settled
T004101,2026-03-26,M038,210.51,EUR,settled
T004102,2026-03-26,M021,2234.75,EUR,settled
T004103,2026-03-26,M022,186.90,EUR,settled
T004104,2026-03-26,M014,461.16,EUR,settled
T004105,2026-03-26,M004,192.24,EUR,settled
T004106,2026-03-26,M014,139.38,EUR,settled
T004107,2026-03-26,M035,58.50,GBP,settled
T004108,2026-03-26,M049,146.76,EUR,settled
T004109,2026-03-26,M031,46.72,EUR,settled
T004110,2026-03-26,M027,657.55,SEK,settled
T004111,2026-03-26,M040,117.28,EUR,settled
T004112,2026-03-26,M046,359.68,USD,settled
T004113,2026-03-26,M050,18.93,USD,settled
T004114,2026-03-26,M040,2664.59,EUR,settled
T004115,2026-03-26,M012,56.28,EUR,settled
T004116,2026-03-26,M024,179.22,EUR,settled
T004117,2026-03-26,M034,31.96,EUR,settled
T004118,2026-03-26,M053,39.32,EUR,settled
T004119,2026-03-26,M034,218.79,EUR,pending
T004120,2026-03-26,M020,209.95,EUR,settled
T004121,2026-03-26,M016,3.73,EUR,settled
T004122,2026-03-26,M031,115.37,EUR,settled
T004123,2026-03-26,M014,3.64,EUR,settled
T004124,2026-03-26,M036,119.28,EUR,settled
T004125,2026-03-26,M039,35.99,NOK,pending
T004125,2026-03-26,M039,35.99,NOK,pending
T004126,2026-03-26,M039,148.50,NOK,pending
T004127,2026-03-26,M009,96.85,NOK,settled
T004128,2026-03-26,M041,"4,809.75",EUR,settled
T004129,2026-03-26,M028,119.08,EUR,failed
T004130,2026-03-26,M040,373.05,EUR,settled
T004131,2026-03-26,M023,38.86,USD,settled
T004132,2026-03-26,M005,124.75,GBP,settled
T004133,2026-03-26,M034,15.45,EUR,settled
T004134,2026-03-26,M060,56.25,NOK,settled
T004135,2026-03-26,M032,112.87,EUR,settled
T004136,2026-03-26,M021,456.03,EUR,settled
T004137,2026-03-26,M034,44.11,EUR,pending
T004138,2026-03-26,M047,18.88,EUR,settled
T004139,2026-03-26,M054,85.52,USD,settled
T004140,2026-03-26,M046,568.43,USD,settled
T004141,2026-03-26,M058,196.23,USD,settled
T004142,2026-03-26,M021,152.46,EUR,settled
T004143,2026-03-26,M051,150.98,EUR,settled
T004144,2026-03-26,M054,62.90,USD,settled
T004145,2026-03-26,M018,59.64,EUR,failed
T004146,2026-03-26,M007,817.76,SEK,settled
T004147,2026-03-26,M041,725.34,EUR,settled
T004148,2026-03-26,M051,503.32,EUR,failed
T004149,2026-03-26,M038,2342.38,EUR,pending
T004150,2026-03-26,M008,336.67,EUR,settled
T004151,2026-03-26,M038,164.05,EUR,settled
T004152,2026-03-26,M034,342.27,EUR,settled
T004153,2026-03-26,M032,159.04,EUR,settled
T004154,2026-03-26,M028,73.13,EUR,settled
T004155,2026-03-26,M009,-936.96,NOK,settled
T004156,2026-03-26,M004,14.86,EUR,settled
T004157,2026-03-26,M005,4.54,GBP,settled
T004158,2026-03-26,M034,96.88,EUR,settled
T004159,2026-03-26,M057,187.95,EUR,settled
T004160,2026-03-26,M010,997.91,EUR,settled
T004161,2026-03-26,M004,51.90,EUR,pending
T004162,2026-03-26,M009,586.85,NOK,settled
T004163,2026-03-26,M052,615.02,NOK,settled
T004164,2026-03-26,M005,10.77,GBP,settled
T004165,2026-03-26,M033,1572.65,USD,settled
T004166,2026-03-26,M026,74.25,EUR,settled
T004167,2026-03-26,M013,33.99,USD,settled
T004168,2026-03-26,M053,18.01,EUR,settled
T004169,2026-03-26,M037,264.05,SEK,settled
T004170,2026-03-26,M023,34.94,USD,settled
T004171,2026-03-26,M010,243.69,EUR,settled
T004172,2026-03-26,M002,136.81,EUR,settled
T004173,2026-03-26,M011,83.55,EUR,failed
T004174,2026-03-26,M024,14.32,EUR,settled
T004175,2026-03-26,M058,72.61,USD,settled
T004176,2026-03-26,M053,299.48,EUR,pending
T004177,2026-03-26,M023,404.12,USD,settled
T004178,2026-03-26,M048,76.89,NOK,settled
T004179,2026-03-26,M031,780.09,EUR,failed
T004180,2026-03-26,M043,14.16,EUR,settled
T004181,2026-03-26,M026,354.60,EUR,settled
T004182,2026-03-26,M053,3.95,EUR,settled
T004183,2026-03-26,M005,7.21,GBP,settled
T004184,2026-03-26,M030,3.13,EUR,pending
T004185,2026-03-26,M008,-19.65,EUR,settled
T004186,2026-03-26,M038,115.77,EUR,settled
T004187,2026-03-26,M017,6.85,SEK,settled
T004188,2026-03-26,M041,180.32,EUR,settled
T004189,2026-03-26,M004,3781.25,EUR,pending
T004190,2026-03-26,M049,170.94,EUR,settled
T004191,2026-03-26,M023,246.98,USD,settled
T004192,2026-03-26,M009,94.03,NOK,settled
T004193,2026-03-26,M003,825.07,USD,settled
T004194,2026-03-26,M028,215.37,EUR,settled
T004195,2026-03-26,M003,26.73,USD,settled
T004196,2026-03-26,M008,43.46,EUR,settled
T004197,2026-03-26,M007,126.07,SEK,settled
T004198,2026-03-26,M040,128.80,EUR,settled
T004199,2026-03-26,M053,50.55,EUR,settled
T004200,2026-03-26,M046,330.42,USD,settled
T004201,2026-03-26,M025,107.42,GBP,settled
T004202,2026-03-26,M040,1310.71,EUR,settled
T004203,2026-03-26,M038,795.66,EUR,settled
T004204,2026-03-26,M053,137.34,EUR,settled
T004205,2026-03-26,M053,163.89,EUR,settled
T004206,2026-03-26,M053,812.22,EUR,settled
T004207,2026-03-26,M009,128.09,NOK,settled
T004208,2026-03-26,M026,55.72,EUR,settled
T004209,2026-03-26,M049,484.45,EUR,settled
T004210,2026-03-26,M005,507.86,GBP,settled
T004211,2026-03-26,M035,64.28,GBP,settled
T004212,2026-03-26,M034,464.36,EUR,settled
T004213,2026-03-26,M047,(609.33),EUR,settled
T004214,2026-03-26,M011,64.29,EUR,settled
T004215,2026-03-26,M055,"2,496.18",EUR,settled
T004216,2026-03-26,M043,"1,257.68",EUR,settled
T004217,2026-03-26,M058,813.74,USD,settled
T004218,2026-03-26,M031,909.27,EUR,settled
T004219,2026-03-26,M019,70.81,NOK,settled
T004220,2026-03-26,M014,244.26,EUR,settled
T004221,2026-03-26,M001,87.57,EUR,settled
T004222,2026-03-26,M051,104.42,EUR,settled
T004223,2026-03-26,M058,431.69,USD,settled
T004224,2026-03-26,M021,213.55,EUR,settled
T004225,2026-03-26,M012,1103.26,EUR,settled
T004226,2026-03-26,M024,53.68,EUR,settled
T004227,2026-03-26,M014,93.68,EUR,settled
T004228,2026-03-26,M034,105.24,EUR,settled
T004229,2026-03-26,M047,761.90,EUR,pending
T004230,2026-03-26,M057,16.93,EUR,settled
T004231,2026-03-26,M008,6.32,EUR,settled
T004232,2026-03-26,M032,595.10,EUR,settled
T004233,2026-03-26,M005,56.04,GBP,settled
T004234,2026-03-26,M002,20.96,EUR,settled
T004235,2026-03-26,M040,75.01,EUR,settled
T004236,2026-03-26,M005,150.22,GBP,settled
T004237,2026-03-26,M011,210.89,EUR,settled
T004238,2026-03-26,M008,123.22,EUR,settled
T004239,2026-03-27,M025,5.04,GBP,failed
T004240,2026-03-27,M044,391.78,NOK,settled
T004241,2026-03-27,M002,198.92,EUR,settled
T004242,2026-03-27,M058,390.92,USD,settled
T004243,2026-03-27,M047,313.12,EUR,settled
T004244,2026-03-27,M003,147.90,USD,settled
T004245,2026-03-27,M043,41.17,EUR,settled
T004246,2026-03-27,M022,242.75,EUR,settled
T004247,2026-03-27,M043,52.14,EUR,settled
T004248,2026-03-27,M029,88.14,NOK,settled
T004249,2026-03-27,M038,68.20,EUR,settled
T004250,2026-03-27,M046,48.72,USD,settled
T004251,2026-03-27,M027,39.37,SEK,settled
T004252,2026-03-27,M022,46.68,EUR,settled
T004253,2026-03-27,M007,739.85,SEK,settled
T004254,2026-03-27,M057,234.61,EUR,settled
T004255,2026-03-27,M056,713.03,NOK,settled
T004256,2026-03-27,M037,32.32,SEK,failed
T004257,2026-03-27,M021,13.50,EUR,settled
T004258,2026-03-27,M058,315.83,USD,settled
T004259,2026-03-27,M025,307.86,GBP,failed
T004259,2026-03-27,M025,307.86,GBP,failed
T004260,2026-03-27,M025,362.92,GBP,settled
T004261,2026-03-27,M003,1136.79,USD,settled
T004262,2026-03-27,M058,28.00,USD,settled
T004263,2026-03-27,M060,98.65,NOK,settled
T004264,2026-03-27,M028,207.50,EUR,settled
T004265,2026-03-27,M043,370.67,EUR,settled
T004266,2026-03-27,M006,43.41,EUR,settled
T004267,2026-03-27,M024,118.33,EUR,settled
T004268,2026-03-27,M018,344.02,EUR,settled
T004269,2026-03-27,M043,(115.41),EUR,settled
T004270,2026-03-27,M005,40.38,GBP,settled
T004271,2026-03-27,M001,26.18,EUR,pending
T004272,2026-03-27,M027,42.55,SEK,settled
T004273,2026-03-27,M050,40.82,USD,settled
T004274,2026-03-27,M035,7.08,GBP,settled
T004275,2026-03-27,M032,48.86,EUR,settled
T004276,2026-03-27,M038,263.67,EUR,settled
T004277,2026-03-27,M006,1662.40,EUR,settled
T004278,2026-03-27,M020,438.51,EUR,settled
T004279,2026-03-27,M043,158.31,EUR,failed
T004280,2026-03-27,M052,2.58,NOK,settled
T004280,2026-03-27,M052,2.58,NOK,settled
T004281,2026-03-27,M016,62.52,EUR,settled
T004282,2026-03-27,M024,96.40,EUR,settled
T004283,2026-03-27,M057,93.49,EUR,settled
T004284,2026-03-27,M037,7.43,SEK,settled
T004285,2026-03-27,M024,320.21,EUR,settled
T004286,2026-03-27,M051,56.03,EUR,settled
T004287,2026-03-27,M045,16.21,EUR,settled
T004288,2026-03-27,M060,"3,660.31",NOK,settled
T004289,2026-03-27,M053,249.76,EUR,settled
T004290,2026-03-27,M007,430.13,SEK,failed
T004291,2026-03-27,M059,(111.75),EUR,settled
T004292,2026-03-27,M003,291.46,USD,settled
T004293,2026-03-27,M002,194.56,EUR,settled
T004294,2026-03-27,M030,654.54,EUR,settled
T004295,2026-03-27,M030,882.82,EUR,settled
T004296,2026-03-27,M057,124.13,EUR,settled
T004297,2026-03-27,M040,1589.95,EUR,settled
T004298,2026-03-27,M011,57.14,EUR,settled
T004299,2026-03-27,M019,409.44,NOK,settled
T004300,2026-03-27,M021,70.66,EUR,failed
T004301,2026-03-27,M036,1119.89,EUR,settled
T004302,2026-03-27,M052,148.20,NOK,settled
T004303,2026-03-27,M008,56.64,EUR,settled
T004304,2026-03-27,M050,119.14,USD,settled
T004305,2026-03-27,M055,78.66,EUR,settled
T004306,2026-03-27,M010,256.28,EUR,failed
T004307,2026-03-27,M046,421.01,USD,pending
T004308,2026-03-27,M035,5.65,GBP,pending
T004309,2026-03-27,M045,199.96,EUR,pending
T004310,2026-03-27,M022,64.76,EUR,settled
T004311,2026-03-27,M009,1549.37,NOK,pending
T004312,2026-03-27,M038,30.53,EUR,settled
T004313,2026-03-27,M027,222.53,SEK,settled
T004314,2026-03-27,M024,104.36,EUR,settled
T004315,2026-03-27,M025,2851.95,GBP,settled
T004316,2026-03-27,M007,350.84,SEK,settled
T004317,2026-03-27,M022,154.77,EUR,pending
T004318,2026-03-27,M029,8.56,NOK,settled
T004319,2026-03-27,M024,46.88,EUR,settled
T004320,2026-03-27,M002,144.98,EUR,pending
T004321,2026-03-27,M052,357.88,NOK,settled
T004322,2026-03-27,M030,-147.12,EUR,settled
T004323,2026-03-27,M058,98.41,USD,settled
T004324,2026-03-27,M005,68.79,GBP,settled
T004325,2026-03-27,M017,37.09,SEK,failed
T004326,2026-03-27,M012,591.83,EUR,settled
T004327,2026-03-27,M015,143.40,GBP,settled
T004328,2026-03-27,M020,52.21,EUR,settled
T004329,2026-03-27,M007,55.44,SEK,settled
T004330,2026-03-27,M041,42.90,EUR,pending
T004331,2026-03-27,M020,158.61,EUR,settled
T004332,2026-03-27,M031,6.37,EUR,settled
T004333,2026-03-27,M023,385.82,USD,settled
T004334,2026-03-27,M008,101.72,EUR,pending
T004335,2026-03-27,M043,"1,062.83",EUR,settled
T004336,2026-03-27,M040,43.93,EUR,settled
T004337,2026-03-27,M014,64.70,EUR,settled
T004338,2026-03-27,M053,(30.97),EUR,settled
T004339,2026-03-27,M053,34.37,EUR,settled
T004340,2026-03-27,M026,207.26,EUR,settled
T004341,2026-03-27,M017,150.69,SEK,settled
T004342,2026-03-27,M037,408.75,SEK,settled
T004343,2026-03-27,M021,129.77,EUR,settled
T004344,2026-03-27,M029,38.59,NOK,settled
T004345,2026-03-27,M051,177.43,EUR,failed
T004346,2026-03-27,M028,119.94,EUR,settled
T004347,2026-03-27,M053,72.00,EUR,settled
T004348,2026-03-27,M029,187.24,NOK,settled
T004349,2026-03-27,M045,118.79,EUR,settled
T004350,2026-03-27,M001,138.98,EUR,failed
T004351,2026-03-27,M012,153.21,EUR,settled
T004352,2026-03-27,M054,57.10,USD,failed
T004353,2026-03-27,M016,133.51,EUR,settled
T004354,2026-03-27,M035,300.36,GBP,settled
T004355,2026-03-27,M038,172.80,EUR,settled
T004356,2026-03-27,M060,132.52,NOK,settled
T004357,2026-03-27,M024,653.62,EUR,settled
T004358,2026-03-27,M035,251.32,GBP,settled
T004359,2026-03-27,M022,354.21,EUR,settled
T004360,2026-03-27,M050,63.78,USD,settled
T004361,2026-03-27,M030,3.68,EUR,settled
T004362,2026-03-27,M048,49.64,NOK,settled
T004363,2026-03-27,M057,"2,492.52",EUR,pending
T004364,2026-03-27,M055,51.68,EUR,settled
T004365,2026-03-27,M060,78.57,NOK,pending
T004366,2026-03-27,M041,28.76,EUR,settled
T004367,2026-03-27,M017,64.50,SEK,settled
T004368,2026-03-27,M022,4.26,EUR,settled
T004369,2026-03-27,M021,207.51,EUR,settled
T004370,2026-03-27,M034,151.46,EUR,settled
T004371,2026-03-27,M049,257.72,EUR,settled
T004372,2026-03-27,M001,11.09,EUR,settled
T004373,2026-03-27,M045,156.52,EUR,settled
T004374,2026-03-27,M020,122.20,EUR,settled
T004375,2026-03-27,M047,70.55,EUR,settled
T004376,2026-03-27,M001,54.64,EUR,settled
T004377,2026-03-27,M056,(124.89),NOK,settled
T004378,2026-03-27,M003,16.63,USD,pending
T004379,2026-03-27,M004,24.45,EUR,settled
T004380,2026-03-27,M018,7.69,EUR,settled
T004381,2026-03-27,M049,15.82,EUR,settled
T004382,2026-03-27,M010,89.98,EUR,settled
T004383,2026-03-27,M014,22.98,EUR,settled
T004384,2026-03-27,M039,70.02,NOK,settled
T004385,2026-03-27,M049,218.41,EUR,settled
T004386,2026-03-27,M048,39.63,NOK,settled
T004387,2026-03-27,M016,62.66,EUR,failed
T004388,2026-03-27,M045,19.66,EUR,settled
T004389,2026-03-27,M003,205.65,USD,settled
T004390,2026-03-27,M001,136.03,EUR,settled
T004391,2026-03-27,M046,276.95,USD,pending
T004392,2026-03-27,M059,305.04,EUR,pending
T004393,2026-03-27,M031,26.59,EUR,settled
T004394,2026-03-27,M046,47.48,USD,settled
T004395,2026-03-27,M020,201.18,EUR,settled
T004396,2026-03-27,M011,807.85,EUR,pending
T004397,2026-03-27,M022,48.36,EUR,settled
T004398,2026-03-27,M058,118.28,USD,settled
T004399,2026-03-27,M019,195.27,NOK,settled
T004400,2026-03-27,M019,573.80,NOK,settled
T004401,2026-03-27,M054,267.13,USD,settled
T004402,2026-03-27,M041,(163.66),EUR,settled
T004403,2026-03-27,M032,428.75,EUR,settled
T004404,2026-03-27,M023,667.09,USD,settled
T004405,2026-03-27,M017,-37.20,SEK,settled
T004405,2026-03-27,M017,-37.20,SEK,settled
T004406,2026-03-27,M012,70.16,EUR,settled
T004407,2026-03-27,M033,141.90,USD,settled
T004408,2026-03-27,M044,178.59,NOK,settled
T004409,2026-03-27,M037,42.70,SEK,settled
T004410,2026-03-27,M001,794.94,EUR,settled
T004411,2026-03-27,M025,211.48,GBP,settled
T004412,2026-03-27,M054,11.70,USD,settled
T004413,2026-03-27,M031,147.32,EUR,settled
T004414,2026-03-27,M060,13.12,NOK,settled
T004415,2026-03-27,M033,55.69,USD,settled
T004416,2026-03-27,M045,53.02,EUR,settled
T004417,2026-03-27,M056,37.97,NOK,settled
T004418,2026-03-27,M045,166.43,EUR,settled
T004419,2026-03-27,M048,"1,399.76",NOK,settled
T004420,2026-03-27,M028,970.57,EUR,settled
T004421,2026-03-27,M012,96.87,EUR,settled
T004422,2026-03-27,M004,827.99,EUR,settled
T004423,2026-03-27,M038,226.32,EUR,settled
T004424,2026-03-27,M021,33.44,EUR,settled
T004425,2026-03-27,M022,45.10,EUR,settled
T004426,2026-03-27,M005,146.82,GBP,pending
T004427,2026-03-27,M030,346.56,EUR,settled
T004428,2026-03-27,M031,104.05,EUR,settled
T004429,2026-03-27,M025,4.97,GBP,settled
T004429,2026-03-27,M025,4.97,GBP,settled
T004430,2026-03-27,M020,1.85,EUR,settled
T004431,2026-03-27,M007,532.87,SEK,settled
T004432,2026-03-27,M051,618.21,EUR,settled
T004433,2026-03-27,M032,266.73,EUR,settled
T004433,2026-03-27,M032,266.73,EUR,settled
T004434,2026-03-27,M033,3851.74,USD,settled
T004435,2026-03-27,M049,37.74,EUR,settled
T004436,2026-03-27,M046,117.46,USD,settled
T004437,2026-03-27,M001,4.63,EUR,settled
T004438,2026-03-27,M022,2.86,EUR,settled
T004439,2026-03-27,M006,62.27,EUR,settled
T004440,2026-03-27,M059,73.23,EUR,failed
T004441,2026-03-27,M056,133.12,NOK,settled
T004442,2026-03-27,M020,28.37,EUR,settled
T004443,2026-03-27,M053,48.68,EUR,settled
T004444,2026-03-27,M017,19.22,SEK,pending
T004445,2026-03-28,M058,499.85,USD,settled
T004446,2026-03-28,M050,31.85,USD,settled
T004447,2026-03-28,M005,16.25,GBP,settled
T004447,2026-03-28,M005,16.25,GBP,settled
T004448,2026-03-28,M043,"1,103.94",EUR,settled
T004449,2026-03-28,M030,359.32,EUR,settled
T004450,2026-03-28,M041,26.29,EUR,settled
T004451,2026-03-28,M025,186.16,GBP,settled
T004452,2026-03-28,M029,17.57,NOK,settled
T004453,2026-03-28,M023,27.99,USD,settled
T004454,2026-03-28,M058,(69.95),USD,settled
T004455,2026-03-28,M015,370.81,GBP,settled
T004456,2026-03-28,M019,295.27,NOK,settled
T004457,2026-03-28,M004,28.19,EUR,settled
T004458,2026-03-28,M005,8.69,GBP,settled
T004459,2026-03-28,M004,216.78,EUR,settled
T004459,2026-03-28,M004,216.78,EUR,settled
T004460,2026-03-28,M018,25.76,EUR,settled
T004461,2026-03-28,M055,22.90,EUR,settled
T004462,2026-03-28,M032,20.97,EUR,settled
T004462,2026-03-28,M032,20.97,EUR,settled
T004463,2026-03-28,M028,135.12,EUR,settled
T004464,2026-03-28,M011,75.24,EUR,settled
T004465,2026-03-28,M019,600.59,NOK,settled
T004466,2026-03-28,M009,190.95,NOK,settled
T004467,2026-03-28,M044,"1,641.75",NOK,pending
T004468,2026-03-28,M051,53.87,EUR,settled
T004469,2026-03-28,M009,289.58,NOK,settled
T004470,2026-03-28,M052,32.20,NOK,settled
T004471,2026-03-28,M008,44.82,EUR,settled
T004472,2026-03-28,M021,63.84,EUR,settled
T004473,2026-03-28,M003,346.25,USD,settled
T004474,2026-03-28,M016,433.72,EUR,settled
T004475,2026-03-28,M012,149.34,EUR,settled
T004476,2026-03-28,M049,28.69,EUR,failed
T004477,2026-03-28,M015,97.21,GBP,settled
T004478,2026-03-28,M039,188.40,NOK,settled
T004479,2026-03-28,M050,"2,765.98",USD,settled
T004480,2026-03-28,M024,63.99,EUR,settled
T004481,2026-03-28,M050,"3,628.73",USD,settled
T004482,2026-03-28,M045,87.91,EUR,settled
T004483,2026-03-28,M049,317.09,EUR,settled
T004484,2026-03-28,M003,28.24,USD,settled
T004485,2026-03-28,M053,454.40,EUR,settled
T004486,2026-03-28,M014,667.58,EUR,settled
T004487,2026-03-28,M047,27.68,EUR,settled
T004488,2026-03-28,M014,531.53,EUR,settled
T004489,2026-03-28,M034,35.82,EUR,settled
T004490,2026-03-28,M017,102.79,SEK,settled
T004491,2026-03-28,M006,52.59,EUR,settled
T004492,2026-03-28,M028,49.55,EUR,settled
T004493,2026-03-28,M017,216.74,SEK,settled
T004494,2026-03-28,M022,57.18,EUR,settled
T004495,2026-03-28,M041,30.27,EUR,settled
T004496,2026-03-28,M052,659.88,NOK,settled
T004497,2026-03-28,M013,4590.13,USD,settled
T004498,2026-03-28,M024,179.97,EUR,settled
T004499,2026-03-28,M044,4.86,NOK,settled
T004500,2026-03-28,M009,3.55,NOK,settled
T004501,2026-03-28,M056,17.27,NOK,settled
T004502,2026-03-28,M004,4.47,EUR,pending
T004503,2026-03-28,M012,188.26,EUR,settled
T004504,2026-03-28,M054,28.46,USD,settled
T004505,2026-03-28,M051,"1,035.45",EUR,pending
T004505,2026-03-28,M051,"1,035.45",EUR,pending
T004506,2026-03-28,M047,778.53,EUR,settled
T004507,2026-03-28,M054,137.36,USD,settled
T004508,2026-03-28,M023,101.18,USD,settled
T004509,2026-03-28,M022,34.47,EUR,settled
T004510,2026-03-28,M023,51.30,USD,settled
T004511,2026-03-28,M017,326.18,SEK,settled
T004512,2026-03-28,M039,128.02,NOK,settled
T004513,2026-03-28,M032,128.70,EUR,settled
T004514,2026-03-28,M022,131.73,EUR,settled
T004515,2026-03-28,M037,448.25,SEK,settled
T004516,2026-03-28,M055,432.52,EUR,settled
T004517,2026-03-28,M016,104.89,EUR,pending
T004518,2026-03-28,M031,15.50,EUR,settled
T004519,2026-03-28,M019,392.64,NOK,settled
T004520,2026-03-28,M018,179.98,EUR,settled
T004521,2026-03-28,M047,321.55,EUR,pending
T004522,2026-03-28,M005,113.98,GBP,settled
T004523,2026-03-28,M045,192.28,EUR,settled
T004524,2026-03-28,M028,39.28,EUR,settled
T004525,2026-03-28,M024,9.78,EUR,settled
T004526,2026-03-28,M016,18.62,EUR,settled
T004527,2026-03-28,M019,45.60,NOK,settled
T004528,2026-03-28,M040,127.17,EUR,settled
T004529,2026-03-28,M008,124.91,EUR,settled
T004530,2026-03-29,M021,39.57,EUR,settled
T004531,2026-03-29,M060,308.52,NOK,pending
T004532,2026-03-29,M056,430.02,NOK,settled
T004533,2026-03-29,M047,401.53,EUR,settled
T004534,2026-03-29,M054,468.97,USD,settled
T004535,2026-03-29,M012,273.27,EUR,settled
T004536,2026-03-29,M048,97.35,NOK,settled
T004537,2026-03-29,M008,57.80,EUR,settled
T004538,2026-03-29,M026,81.32,EUR,settled
T004539,2026-03-29,M028,8.36,EUR,settled
T004540,2026-03-29,M048,452.17,NOK,settled
T004541,2026-03-29,M044,80.72,NOK,pending
T004542,2026-03-29,M047,63.13,EUR,pending
T004543,2026-03-29,M057,87.73,EUR,pending
T004544,2026-03-29,M015,159.63,GBP,settled
T004545,2026-03-29,M033,4.65,USD,settled
T004546,2026-03-29,M011,6.45,EUR,settled
T004547,2026-03-29,M028,391.41,EUR,settled
T004548,2026-03-29,M028,37.08,EUR,settled
T004549,2026-03-29,M040,44.78,EUR,settled
T004550,2026-03-29,M044,234.36,NOK,settled
T004551,2026-03-29,M051,"1,062.59",EUR,pending
T004552,2026-03-29,M002,38.64,EUR,settled
T004553,2026-03-29,M051,68.09,EUR,failed
T004554,2026-03-29,M056,53.74,NOK,settled
T004555,2026-03-29,M040,45.10,EUR,failed
T004556,2026-03-29,M020,200.80,EUR,settled
T004557,2026-03-29,M036,147.43,EUR,settled
T004558,2026-03-29,M040,185.07,EUR,settled
T004559,2026-03-29,M029,84.06,NOK,settled
T004560,2026-03-29,M053,60.34,EUR,pending
T004561,2026-03-29,M059,509.06,EUR,settled
T004562,2026-03-29,M039,27.11,NOK,settled
T004563,2026-03-29,M026,103.54,EUR,settled
T004564,2026-03-29,M035,15.25,GBP,settled
T004565,2026-03-29,M060,144.95,NOK,settled
T004566,2026-03-29,M020,16.15,EUR,settled
T004567,2026-03-29,M041,275.06,EUR,settled
T004568,2026-03-29,M039,62.39,NOK,settled
T004569,2026-03-29,M013,499.03,USD,settled
T004570,2026-03-29,M033,162.66,USD,settled
T004571,2026-03-29,M054,347.48,USD,settled
T004572,2026-03-29,M052,"9,716.01",NOK,settled
T004573,2026-03-29,M045,42.74,EUR,settled
T004574,2026-03-29,M002,-8.11,EUR,settled
T004575,2026-03-29,M046,"1,335.67",USD,settled
T004576,2026-03-29,M045,128.65,EUR,settled
T004577,2026-03-29,M050,23.87,USD,settled
T004578,2026-03-29,M024,3.29,EUR,settled
T004579,2026-03-29,M045,25.98,EUR,failed
T004580,2026-03-29,M031,261.12,EUR,settled
T004581,2026-03-29,M056,78.79,NOK,settled
T004582,2026-03-29,M005,1522.96,GBP,settled
T004583,2026-03-29,M007,14.60,SEK,pending
T004584,2026-03-29,M042,18.74,USD,pending
T004585,2026-03-29,M014,128.50,EUR,settled
T004586,2026-03-29,M013,164.43,USD,settled
T004587,2026-03-29,M025,23.04,GBP,settled
T004588,2026-03-29,M048,609.25,NOK,settled
T004589,2026-03-29,M014,240.57,EUR,settled
T004590,2026-03-29,M024,26.75,EUR,settled
T004591,2026-03-29,M037,5.46,SEK,settled
T004592,2026-03-29,M058,78.45,USD,settled
T004593,2026-03-29,M001,1202.72,EUR,settled
T004594,2026-03-29,M034,16.87,EUR,pending
T004595,2026-03-29,M005,456.42,GBP,settled
T004596,2026-03-29,M030,19.56,EUR,settled
T004597,2026-03-29,M033,175.50,USD,settled
T004598,2026-03-29,M034,76.53,EUR,settled
T004599,2026-03-29,M053,7.43,EUR,settled
T004600,2026-03-29,M030,3.09,EUR,settled
T004601,2026-03-29,M056,652.06,NOK,pending
T004602,2026-03-29,M046,71.88,USD,failed
T004603,2026-03-29,M057,(368.53),EUR,settled
T004604,2026-03-29,M016,-191.64,EUR,settled
T004605,2026-03-30,M051,81.99,EUR,settled
T004606,2026-03-30,M014,3726.30,EUR,settled
T004607,2026-03-30,M016,245.78,EUR,settled
T004608,2026-03-30,M035,7404.75,GBP,settled
T004609,2026-03-30,M006,137.44,EUR,settled
T004610,2026-03-30,M056,18.51,NOK,settled
T004611,2026-03-30,M046,85.23,USD,pending
T004612,2026-03-30,M053,542.54,EUR,settled
T004613,2026-03-30,M021,38.64,EUR,failed
T004614,2026-03-30,M022,85.92,EUR,settled
T004615,2026-03-30,M052,34.81,NOK,settled
T004616,2026-03-30,M039,908.88,NOK,settled
T004617,2026-03-30,M046,143.46,USD,settled
T004618,2026-03-30,M040,203.00,EUR,settled
T004619,2026-03-30,M024,32.32,EUR,pending
T004620,2026-03-30,M037,5068.14,SEK,settled
T004621,2026-03-30,M054,92.07,USD,settled
T004622,2026-03-30,M047,(650.22),EUR,settled
T004623,2026-03-30,M018,11.61,EUR,settled
T004624,2026-03-30,M013,57.67,USD,settled
T004625,2026-03-30,M055,436.17,EUR,settled
T004626,2026-03-30,M003,42.58,USD,failed
T004627,2026-03-30,M011,777.31,EUR,settled
T004628,2026-03-30,M020,138.91,EUR,settled
T004629,2026-03-30,M039,58.32,NOK,settled
T004630,2026-03-30,M014,-1955.94,EUR,settled
T004631,2026-03-30,M051,"1,105.24",EUR,settled
T004632,2026-03-30,M030,213.45,EUR,settled
T004633,2026-03-30,M050,18.92,USD,settled
T004634,2026-03-30,M032,207.30,EUR,settled
T004635,2026-03-30,M042,17.27,USD,settled
T004636,2026-03-30,M026,245.64,EUR,settled
T004637,2026-03-30,M055,166.92,EUR,pending
T004638,2026-03-30,M015,91.63,GBP,settled
T004639,2026-03-30,M009,195.31,NOK,settled
T004640,2026-03-30,M039,627.46,NOK,settled
T004641,2026-03-30,M008,34.81,EUR,settled
T004642,2026-03-30,M050,10.87,USD,settled
T004643,2026-03-30,M027,17.83,SEK,settled
T004644,2026-03-30,M036,26.47,EUR,settled
T004645,2026-03-30,M009,299.60,NOK,settled
T004646,2026-03-30,M022,117.00,EUR,settled
T004647,2026-03-30,M059,27.11,EUR,settled
T004648,2026-03-30,M022,284.44,EUR,settled
T004649,2026-03-30,M027,3282.20,SEK,settled
T004649,2026-03-30,M027,3282.20,SEK,settled
T004650,2026-03-30,M054,878.95,USD,settled
T004651,2026-03-30,M055,402.75,EUR,settled
T004652,2026-03-30,M011,12.11,EUR,settled
T004653,2026-03-30,M036,598.18,EUR,settled
T004654,2026-03-30,M034,83.92,EUR,settled
T004654,2026-03-30,M034,83.92,EUR,settled
T004655,2026-03-30,M021,23.01,EUR,settled
T004656,2026-03-30,M024,148.34,EUR,settled
T004657,2026-03-30,M046,203.98,USD,settled
T004658,2026-03-30,M041,103.42,EUR,settled
T004659,2026-03-30,M055,224.09,EUR,settled
T004660,2026-03-30,M007,3130.94,SEK,settled
T004661,2026-03-30,M041,22.99,EUR,settled
T004662,2026-03-30,M002,15.18,EUR,settled
T004663,2026-03-30,M044,57.57,NOK,settled
T004664,2026-03-30,M004,71.56,EUR,settled
T004665,2026-03-30,M033,16.11,USD,settled
T004666,2026-03-30,M059,44.71,EUR,settled
T004667,2026-03-30,M058,7.08,USD,settled
T004668,2026-03-30,M048,32.83,NOK,settled
T004669,2026-03-30,M039,45.42,NOK,settled
T004670,2026-03-30,M028,38.30,EUR,settled
T004671,2026-03-30,M016,87.37,EUR,settled
T004672,2026-03-30,M055,469.22,EUR,settled
T004673,2026-03-30,M010,76.41,EUR,settled
T004674,2026-03-30,M028,70.41,EUR,settled
T004674,2026-03-30,M028,70.41,EUR,settled
T004675,2026-03-30,M048,17.74,NOK,settled
T004676,2026-03-30,M026,81.00,EUR,settled
T004677,2026-03-30,M033,1105.27,USD,settled
T004678,2026-03-30,M029,58.66,NOK,settled
T004679,2026-03-30,M010,34.00,EUR,settled
T004680,2026-03-30,M031,135.91,EUR,settled
T004681,2026-03-30,M026,196.33,EUR,settled
T004682,2026-03-30,M007,344.72,SEK,settled
T004683,2026-03-30,M059,741.63,EUR,settled
T004684,2026-03-30,M021,92.62,EUR,settled
T004685,2026-03-30,M054,171.68,USD,settled
T004686,2026-03-30,M026,22.29,EUR,settled
T004687,2026-03-30,M051,381.46,EUR,settled
T004688,2026-03-30,M039,2573.23,NOK,settled
T004689,2026-03-30,M041,18.09,EUR,settled
T004690,2026-03-30,M045,97.26,EUR,settled
T004691,2026-03-30,M023,458.23,USD,settled
T004692,2026-03-30,M009,494.69,NOK,settled
T004693,2026-03-30,M018,522.66,EUR,settled
T004694,2026-03-30,M019,152.07,NOK,settled
T004695,2026-03-30,M012,342.28,EUR,settled
T004696,2026-03-30,M030,3128.96,EUR,settled
T004697,2026-03-30,M049,36.34,EUR,settled
T004698,2026-03-30,M009,543.05,NOK,settled
T004699,2026-03-30,M006,3.85,EUR,settled
T004700,2026-03-30,M016,187.96,EUR,settled
T004701,2026-03-30,M001,169.38,EUR,settled
T004702,2026-03-30,M015,152.48,GBP,settled
T004703,2026-03-30,M045,"3,326.27",EUR,settled
T004704,2026-03-30,M060,"2,316.21",NOK,settled
T004705,2026-03-30,M004,867.94,EUR,settled
T004706,2026-03-30,M029,55.01,NOK,settled
T004707,2026-03-30,M031,1305.13,EUR,settled
T004708,2026-03-30,M005,1186.07,GBP,pending
T004709,2026-03-30,M050,269.85,USD,settled
T004710,2026-03-30,M026,40.55,EUR,settled
T004711,2026-03-30,M027,73.51,SEK,settled
T004712,2026-03-30,M044,436.23,NOK,settled
T004713,2026-03-30,M043,"2,523.60",EUR,settled
T004714,2026-03-30,M012,363.84,EUR,settled
T004715,2026-03-30,M020,23.26,EUR,settled
T004716,2026-03-30,M044,106.89,NOK,settled
T004717,2026-03-30,M024,159.72,EUR,settled
T004718,2026-03-30,M056,51.22,NOK,settled
T004719,2026-03-30,M047,8.11,EUR,settled
T004720,2026-03-30,M056,456.88,NOK,settled
T004721,2026-03-30,M035,785.44,GBP,settled
T004722,2026-03-30,M042,34.59,USD,pending
T004723,2026-03-30,M005,89.91,GBP,settled
T004724,2026-03-30,M038,34.80,EUR,settled
T004725,2026-03-30,M026,823.67,EUR,settled
T004726,2026-03-30,M017,99.07,SEK,settled
T004727,2026-03-30,M044,61.60,NOK,settled
T004728,2026-03-30,M014,70.64,EUR,settled
T004729,2026-03-30,M024,22.47,EUR,settled
T004730,2026-03-30,M025,441.23,GBP,pending
T004731,2026-03-30,M053,8.66,EUR,settled
T004732,2026-03-30,M023,137.19,USD,settled
T004733,2026-03-30,M009,189.16,NOK,settled
T004734,2026-03-30,M028,144.76,EUR,settled
T004735,2026-03-30,M057,884.84,EUR,settled
T004736,2026-03-30,M050,99.77,USD,settled
T004737,2026-03-30,M049,244.58,EUR,settled
T004738,2026-03-30,M032,58.77,EUR,settled
T004739,2026-03-30,M005,4.37,GBP,settled
T004740,2026-03-30,M056,67.68,NOK,settled
T004741,2026-03-30,M019,307.83,NOK,settled
T004742,2026-03-30,M060,4.05,NOK,settled
T004743,2026-03-30,M049,44.87,EUR,pending
T004744,2026-03-30,M056,826.71,NOK,settled
T004745,2026-03-30,M025,998.43,GBP,settled
T004746,2026-03-30,M054,35.31,USD,settled
T004747,2026-03-30,M012,130.37,EUR,pending
T004748,2026-03-30,M044,"4,752.54",NOK,settled
T004749,2026-03-30,M053,(740.13),EUR,settled
T004750,2026-03-30,M026,434.67,EUR,pending
T004751,2026-03-30,M022,99.61,EUR,settled
T004752,2026-03-30,M031,112.32,EUR,settled
T004753,2026-03-30,M009,217.82,NOK,settled
T004754,2026-03-30,M011,2219.42,EUR,failed
T004755,2026-03-30,M004,2.82,EUR,settled
T004756,2026-03-30,M054,21.22,USD,settled
T004757,2026-03-30,M052,241.20,NOK,settled
T004758,2026-03-30,M059,299.44,EUR,settled
T004759,2026-03-30,M018,1025.01,EUR,settled
T004760,2026-03-30,M006,-106.44,EUR,settled
T004761,2026-03-30,M026,344.76,EUR,settled
T004762,2026-03-30,M035,-606.20,GBP,settled
T004763,2026-03-30,M045,743.27,EUR,settled
T004764,2026-03-30,M003,113.53,USD,settled
T004765,2026-03-30,M058,139.27,USD,settled
T004766,2026-03-30,M005,159.16,GBP,settled
T004767,2026-03-30,M045,20.74,EUR,settled
T004768,2026-03-30,M042,96.92,USD,settled
T004769,2026-03-30,M038,78.08,EUR,settled
T004770,2026-03-30,M044,"2,597.06",NOK,settled
T004771,2026-03-30,M015,365.87,GBP,settled
T004772,2026-03-30,M028,43.99,EUR,settled
T004773,2026-03-30,M007,201.81,SEK,settled
T004774,2026-03-30,M004,26.20,EUR,settled
T004775,2026-03-30,M038,105.58,EUR,settled
T004776,2026-03-30,M029,416.93,NOK,pending
T004777,2026-03-30,M005,16.70,GBP,settled
T004778,2026-03-30,M045,31.34,EUR,settled
T004779,2026-03-30,M052,594.39,NOK,settled
T004780,2026-03-30,M001,4.06,EUR,settled
T004781,2026-03-30,M007,265.89,SEK,settled
T004782,2026-03-30,M060,(51.59),NOK,settled
T004783,2026-03-30,M055,29.30,EUR,settled
T004784,2026-03-30,M017,85.94,SEK,settled
T004785,2026-03-30,M008,99.74,EUR,settled
T004786,2026-03-30,M008,125.24,EUR,settled
T004786,2026-03-30,M008,125.24,EUR,settled
T004787,2026-03-30,M019,330.40,NOK,settled
T004788,2026-03-30,M018,19.13,EUR,settled
T004789,2026-03-30,M020,191.26,EUR,settled
T004790,2026-03-30,M050,128.55,USD,settled
T004791,2026-03-30,M059,128.58,EUR,settled
T004792,2026-03-30,M024,88.76,EUR,settled
T004793,2026-03-30,M030,199.71,EUR,pending
T004794,2026-03-30,M047,126.32,EUR,settled
T004795,2026-03-30,M028,301.37,EUR,settled
T004796,2026-03-30,M027,1940.14,SEK,settled
T004797,2026-03-30,M041,149.87,EUR,pending
T004798,2026-03-30,M003,986.36,USD,pending
T004799,2026-03-30,M030,90.22,EUR,pending
T004800,2026-03-30,M023,33.94,USD,settled
T004801,2026-03-30,M049,151.23,EUR,settled
T004802,2026-03-30,M058,342.23,USD,settled
T004803,2026-03-30,M010,114.39,EUR,settled
T004804,2026-03-30,M043,44.33,EUR,settled
T004805,2026-03-30,M024,391.17,EUR,settled
T004806,2026-03-30,M039,1329.24,NOK,settled
T004807,2026-03-30,M051,"1,030.86",EUR,settled
T004808,2026-03-31,M035,10.10,GBP,settled
T004809,2026-03-31,M031,56.45,EUR,settled
T004810,2026-03-31,M018,31.73,EUR,settled
T004811,2026-03-31,M046,19.31,USD,settled
T004812,2026-03-31,M025,197.69,GBP,pending
T004813,2026-03-31,M055,"1,262.37",EUR,settled
T004814,2026-03-31,M044,25.06,NOK,settled
T004815,2026-03-31,M044,371.20,NOK,settled
T004816,2026-03-31,M038,887.94,EUR,settled
T004817,2026-03-31,M019,1873.27,NOK,settled
T004818,2026-03-31,M017,9.40,SEK,pending
T004819,2026-03-31,M026,32.53,EUR,settled
T004820,2026-03-31,M002,129.47,EUR,settled
T004821,2026-03-31,M018,1282.40,EUR,pending
T004822,2026-03-31,M057,18.36,EUR,settled
T004823,2026-03-31,M001,111.79,EUR,settled
T004824,2026-03-31,M021,1347.29,EUR,settled
T004825,2026-03-31,M021,363.33,EUR,settled
T004826,2026-03-31,M055,96.64,EUR,settled
T004827,2026-03-31,M002,41.30,EUR,settled
T004828,2026-03-31,M057,22.23,EUR,settled
T004829,2026-03-31,M050,57.61,USD,settled
T004830,2026-03-31,M019,87.57,NOK,settled
T004831,2026-03-31,M059,52.02,EUR,pending
T004832,2026-03-31,M059,743.80,EUR,settled
T004833,2026-03-31,M022,90.04,EUR,failed
T004834,2026-03-31,M031,24.59,EUR,settled
T004835,2026-03-31,M027,142.69,SEK,settled
T004836,2026-03-31,M029,508.22,NOK,settled
T004837,2026-03-31,M060,"1,442.93",NOK,settled
T004838,2026-03-31,M039,25.86,NOK,settled
T004839,2026-03-31,M027,707.94,SEK,settled
T004840,2026-03-31,M028,224.10,EUR,settled
T004841,2026-03-31,M028,22.12,EUR,settled
T004842,2026-03-31,M054,112.91,USD,settled
T004843,2026-03-31,M055,4.58,EUR,settled
T004844,2026-03-31,M001,192.63,EUR,settled
T004845,2026-03-31,M005,-83.40,GBP,settled
T004846,2026-03-31,M006,104.53,EUR,settled
T004847,2026-03-31,M040,52.82,EUR,settled
T004848,2026-03-31,M005,50.45,GBP,settled
T004849,2026-03-31,M058,37.52,USD,settled
T004850,2026-03-31,M046,"1,943.22",USD,settled
T004851,2026-03-31,M035,5.95,GBP,settled
T004852,2026-03-31,M054,83.42,USD,settled
T004853,2026-03-31,M011,525.16,EUR,settled
T004854,2026-03-31,M043,4.89,EUR,settled
T004855,2026-03-31,M034,41.68,EUR,settled
T004856,2026-03-31,M005,469.81,GBP,settled
T004857,2026-03-31,M055,(458.85),EUR,settled
T004858,2026-03-31,M010,30.53,EUR,settled
T004859,2026-03-31,M018,313.06,EUR,settled
T004860,2026-03-31,M024,716.20,EUR,settled
T004861,2026-03-31,M001,6.06,EUR,settled
T004862,2026-03-31,M058,19.34,USD,settled
T004863,2026-03-31,M016,1316.86,EUR,settled
T004864,2026-03-31,M050,115.16,USD,settled
T004865,2026-03-31,M034,2201.31,EUR,settled
T004866,2026-03-31,M002,131.34,EUR,settled
T004867,2026-03-31,M022,67.95,EUR,settled
T004868,2026-03-31,M032,5.20,EUR,settled
T004869,2026-03-31,M054,791.96,USD,settled
T004870,2026-03-31,M002,46.57,EUR,settled
T004871,2026-03-31,M030,51.92,EUR,settled
T004872,2026-03-31,M005,59.56,GBP,settled
T004873,2026-03-31,M038,70.70,EUR,settled
T004874,2026-03-31,M021,420.90,EUR,settled
T004875,2026-03-31,M046,845.43,USD,settled
T004876,2026-03-31,M041,484.12,EUR,settled
T004877,2026-03-31,M044,72.67,NOK,settled
T004878,2026-03-31,M008,357.29,EUR,settled
T004879,2026-03-31,M031,178.42,EUR,settled
T004880,2026-03-31,M056,13.60,NOK,pending
T004881,2026-03-31,M048,"3,083.06",NOK,settled
T004882,2026-03-31,M035,38.84,GBP,settled
T004883,2026-03-31,M029,102.62,NOK,pending
T004884,2026-03-31,M026,61.57,EUR,settled
T004885,2026-03-31,M012,353.67,EUR,pending
T004886,2026-03-31,M016,112.12,EUR,settled
T004887,2026-03-31,M054,314.90,USD,failed
T004888,2026-03-31,M023,39.07,USD,settled
T004889,2026-03-31,M050,192.82,USD,settled
T004890,2026-03-31,M007,109.99,SEK,settled
T004891,2026-03-31,M037,97.57,SEK,settled
T004892,2026-03-31,M006,974.89,EUR,failed
T004893,2026-03-31,M013,202.51,USD,settled
T004894,2026-03-31,M044,115.01,NOK,settled
T004895,2026-03-31,M027,538.20,SEK,settled
T004896,2026-03-31,M029,39.70,NOK,settled
T004897,2026-03-31,M054,82.98,USD,settled
T004898,2026-03-31,M056,172.61,NOK,settled
T004899,2026-03-31,M054,"3,310.90",USD,settled
T004900,2026-03-31,M001,117.96,EUR,settled
T004901,2026-03-31,M018,90.35,EUR,settled
T004902,2026-03-31,M048,9.04,NOK,settled
T004903,2026-03-31,M024,54.00,EUR,settled
T004904,2026-03-31,M032,-24.41,EUR,settled
T004905,2026-03-31,M052,119.05,NOK,settled
T004906,2026-03-31,M039,370.72,NOK,settled
T004907,2026-03-31,M048,15.14,NOK,settled
T004908,2026-03-31,M041,"1,933.14",EUR,settled
T004909,2026-03-31,M020,233.59,EUR,settled
T004910,2026-03-31,M039,399.40,NOK,settled
T004911,2026-03-31,M024,369.68,EUR,settled
T004912,2026-03-31,M032,50.05,EUR,settled
T004913,2026-03-31,M011,10.67,EUR,failed
T004914,2026-03-31,M048,33.93,NOK,settled
T004915,2026-03-31,M041,822.47,EUR,settled
T004916,2026-03-31,M053,336.50,EUR,pending
T004917,2026-03-31,M034,512.59,EUR,settled
T004918,2026-03-31,M001,807.40,EUR,settled
T004919,2026-03-31,M036,825.33,EUR,settled
T004920,2026-03-31,M021,12.35,EUR,failed
T004921,2026-03-31,M037,177.49,SEK,settled
T004922,2026-03-31,M012,23.16,EUR,settled
T004923,2026-03-31,M043,317.44,EUR,settled
T004924,2026-03-31,M024,18.61,EUR,settled
T004925,2026-03-31,M032,37.45,EUR,settled
T004926,2026-03-31,M046,243.35,USD,settled
T004927,2026-03-31,M020,223.34,EUR,settled
T004928,2026-03-31,M020,94.07,EUR,settled
T004929,2026-03-31,M060,26.06,NOK,settled
T004930,2026-03-31,M002,103.97,EUR,settled
T004931,2026-03-31,M010,102.57,EUR,failed
T004932,2026-03-31,M041,(161.92),EUR,pending
T004933,2026-03-31,M027,10.64,SEK,settled
T004934,2026-03-31,M054,7.14,USD,settled
T004935,2026-03-31,M012,86.06,EUR,settled
T004936,2026-03-31,M015,31.18,GBP,settled
T004937,2026-03-31,M013,24.20,USD,settled
T004938,2026-03-31,M004,11.09,EUR,settled
T004939,2026-03-31,M025,322.16,GBP,pending
T004940,2026-03-31,M011,1348.17,EUR,settled
T004941,2026-03-31,M050,13.53,USD,settled
T004942,2026-03-31,M049,31.97,EUR,settled
T004943,2026-03-31,M041,31.01,EUR,settled
T004944,2026-03-31,M046,165.06,USD,pending
T004945,2026-03-31,M025,35.69,GBP,settled
T004946,2026-03-31,M040,609.00,EUR,settled
T004947,2026-03-31,M023,271.70,USD,settled
T004948,2026-03-31,M041,69.26,EUR,settled
T004949,2026-03-31,M023,147.47,USD,settled
T004950,2026-03-31,M050,216.36,USD,settled
T004951,2026-03-31,M017,244.90,SEK,settled
T004952,2026-03-31,M019,30.72,NOK,settled
T004953,2026-03-31,M004,115.94,EUR,settled
T004954,2026-03-31,M056,55.05,NOK,settled
T004955,2026-03-31,M002,136.36,EUR,settled
T004956,2026-03-31,M058,339.51,USD,settled
T004957,2026-03-31,M001,502.59,EUR,settled
T004958,2026-03-31,M010,184.29,EUR,settled
T004959,2026-03-31,M045,25.82,EUR,settled
T004960,2026-03-31,M035,186.18,GBP,settled
T004961,2026-03-31,M049,65.49,EUR,settled
T004962,2026-03-31,M003,28.42,USD,settled
T004963,2026-03-31,M011,14.96,EUR,settled
T004964,2026-03-31,M033,81.62,USD,settled
T004965,2026-03-31,M005,133.80,GBP,pending
T004966,2026-03-31,M043,36.60,EUR,settled
T004967,2026-03-31,M021,234.52,EUR,settled
T004968,2026-03-31,M035,1447.19,GBP,failed
T004969,2026-03-31,M028,498.84,EUR,pending
T004970,2026-03-31,M032,67.14,EUR,settled
T004971,2026-03-31,M022,222.10,EUR,settled
T004972,2026-03-31,M044,"2,843.02",NOK,settled
T004973,2026-03-31,M042,81.16,USD,settled
T004974,2026-03-31,M022,575.43,EUR,pending
T004975,2026-03-31,M024,168.32,EUR,failed
T004976,2026-03-31,M007,225.51,SEK,settled
T004977,2026-03-31,M018,199.61,EUR,settled
T004978,2026-03-31,M004,104.85,EUR,settled
T004979,2026-03-31,M012,58.25,EUR,settled
T004980,2026-03-31,M020,2.54,EUR,settled
T004981,2026-03-31,M009,355.57,NOK,settled
T004982,2026-03-31,M009,5482.91,NOK,settled
T004983,2026-03-31,M048,275.63,NOK,settled
T004984,2026-03-31,M030,445.34,EUR,settled
T004985,2026-03-31,M011,2337.74,EUR,settled
T004986,2026-03-31,M028,826.35,EUR,settled
T004987,2026-03-31,M048,367.14,NOK,settled
T004988,2026-03-31,M002,285.93,EUR,settled
T004989,2026-03-31,M049,159.40,EUR,settled
T004990,2026-03-31,M046,79.42,USD,settled
T004991,2026-03-31,M005,144.92,GBP,settled
T004992,2026-03-31,M010,248.82,EUR,settled
T004993,2026-03-31,M033,90.84,USD,settled
T004994,2026-03-31,M046,25.01,USD,settled
T004995,2026-03-31,M049,339.58,EUR,settled
T004996,2026-03-31,M032,18596.51,EUR,settled
T004997,2026-03-31,M054,"4,336.82",USD,settled
T004998,2026-03-31,M006,32.22,EUR,settled
T004999,2026-03-31,M045,450.27,EUR,pending
T005000,2026-03-31,M058,18.18,USD,settled
